Label,Sequence
ACE2,MDNVVDPWYINPSGFAKDTQDEEYVQHHDNVNPTIPPPDNYILNNENDDGLDNLLGMDYYNIDDLLTQELRDLDIPLVPSPKTGDGSSDKKNIDRTWNLGDENNKVSHYSKKSMSSHKRGLSGTAIFGFLGHNKTLSISSLQQSILNMSKDPQPMELINELGNHNTVKNNNDDFDHIRENDGENSYLSQVLLKQQEELRIALEKQKEVNEKLEKQLRDNQIQQEKLRKVLEEQEEVAQKLVSGATNSNSKPGSPVILKTPAMQNGRMKDNAIIVTTNSANGGYQFPPPTLISPRMSNTSINGSPSRKYHRQRYPNKSPESNGLNLFSSNSGYLRDSELLSFSPQNYNLNLDGLTYNDHNNTSDKNNNDKKNSTGDNIFRLFEKTSPGGLSISPRINGNSLRSPFLVGTDKSRDDRYAAGTFTPRTQLSPIHKKRESVVSTVSTISQLQDDTEPIHMRNTQNPTLRNANALASSSVLPPIPGSSNNTPIKNSLPQKHVFQHTPVKAPPKNGSNLAPLLNAPDLTDHQLEIKTPIRNNSHCEVESYPQVPPVTHDIHKSPTLHSTSPLPDEIIPRTTPMKITKKPTTLPPGTIDQYVKELPDKLICPCGKRFNREDALMVHRSRMICTGGKKLEHSINKKLTSPKKSLLDSPHDTSPVKETIARDKDGSVLMKMEEQLRDDMRKHGLLDPPPSTAAHEQNSNRTLSNETDAL
ADR1,MANVEKPNDCSGFPVVDLNSCFSNGFNNEKQEIEMETDDSPILLMSSSASRENSNTFSVIQRTPDGKIITTNNNMNSKINKQLDKLPENLRLNGRTPSGKLRSETISHTKKVSRTITKARKNSASSVKFQTPTYGTPDNGNFLNRTTANTRRKASPEANVKRKYLKKLTRRASFSAQSASSYALPDQSSLEQHPKDRVKFSTPELVPLDLKNPELDSSFDLNMNLDLNLNLDSNFNIALNRSDSSGSTMNLDYKLPESANNYTYSSGSPTRAYVGANTNSKNASFNDADLLSSSYWIKAYNDHLFSVSESDETSPMNSELNDTKLIVPDFKSTIHHLKDSRSSSWTVAIDNNSNNNKVSDNQPDFVDFQELLDNDTLGNDLLETTAVLKEFELLHDDSVSATATSNEIDLSHLNLSNSPISPHKLIYKNKEGTNDDMLISFGLDHPSNREDDLDKLCNMTRDVQAIFSQYLKGEESKRSLEDFLSTSNRKEKPDSGNYTFYGLDCLTLSKISRALPASTVNNNQPSHSIESKLFNEPMRNMCIKVLRYYEKFSHDSSESVMDSNPNLLSKELLMPAVSELNEYLDLFKNNFLPHFPIIHPSLLDLDLDSLQRYTNEDGYDDAENAQLFDRLSQGTDKEYDYEHYQILSISKIVCLPLFMATFGSLHKFGYKSQTIELYEMSRRILHSFLETKRRCRSTTVNDSYQNIWLMQSLILSFMFALVADYLEKIDSSLMKRQLSALCSTIRSNCLPTISANSEKSINNNNEPLTFGSPLQYIIFESKIRCTLMAYDFCQFLKCFFHIKFDLSIKEKDVETIYIPDNESKWASESIICNGHVVQKQNFYDFRNFYYSFTYGHLHSIPEFLGSSMIYYEYDLRKGTKSHVFLDRIDTKRLERSLDTSSYGNDNMAATNKNIAILIDDTIILKNNLMSMRFIKQIDRSFTEKVRKGQIAKIYDSFLNSVRLNFLKNYSVEVLCEFLVALNFSIRNISSLYVEEESDCSQRMNSPELPRIHLNNQALSVFNLQGYYYCFILIIKFLLDFEATPNFKLLRIFIELRSLANSILLPTLSRLYPQEFSGFPDVVFTQQFINKDNGMLVPGLSANEHHNGASAAVKTKLAKKINVEGLAMFINEILVNSFNDTSFLNMEDPIRNEFSFDNGDRAVTDLPRSAHFLSDTGLEGINFSGLNDSHQTVSTLNLLRYGENHSSKHKNGGKGQGFAEKYQLSLKYVTIAKLFFTNVKENYIHCHMLDKMASDFHTLENHLKGNS
AZF1,MPPPTAQFMGPTQAGQNESQNQSSGEAGEQNQEHGQGPTPILNQSQPASSQPQHQQQRNESISYYTNFNQPRYSTDASINSFLNISDNVPVTSTGGPSSGGAYSNLPRLSTSSTHQPPDLSQIGRGFSIVNNLFPQQQQLQNQHRQQQQQQQQQSHQQPPFKTPSFSTGLTGSSSQYQFLPRNDNTSQPPSKRNSVYLGPNDGPDFEFFSMQQSQQPQFQPSSRRESNSMRPPLLIPAATTKSQSNGTNNSGNMNTNADYESFFNTGTNNSNSNQNPYFLSSRNNSLKFNPEDFDFQFKRRNSFVRGTLDHSSQNAFIPESRLNSLSVNNKANGDPVADNVTNNMKGKSNEVDNDDGNDSSNNNNNNNNNNNNENNNDNNNDNNDNSINSATSTNIPNQEDHSLASTDTTSNSRKDLKEIEQRLRKHLNDEDNYSSAISRPLDKNDVIEGSEGLNKHIDESGMQPNIIKKRKKDDSTVYVKNEMPRTDPPMSKDNSTSAEGAAMANFSGKEPPIPDISSVSDDATNLIGATKVDQLMLIIQARKKGFTEKVNTTQDGDLLFNQTMDILPPKSELVGGVEKPKGTQNTRAVKKKETLNALTAKLAEMNPSENIPLEERQLLEYFASIYKNSNRGIKGRGKGVGTKKSTISSPENHPASTILNPNTNANNAIANDSENNGNPEGNIDSSSNSNPGSHSMISPTQKDMGTLQSQFIQNNFNNSVNSSNPSNQPIINYNYTTLPHSRLGSSSSSNTNNNNSNFSVGAAPGVLMAPTTNNDFSFNLDQSNDNERSQQEQVRFKNINYKS
CMR3,MNFSLSKQSSEKQSSYTDKSRSPNIGMCTVNYKSNLPLQVSAVDQLSTGKGTQFYGHNSYKNERECYNSTKINLPPISSLLPNFENNTPPNVDSRVQFPPQQVYQSMNVVPIVNEIYTPISMNATSDQYPIYYTESQQPIPHSQSPHLTSSAPLMMPVMVPTVYKPLTPYDKEPITIASEPNFTAISMASHPNAALELCHDRPKSVPPGYGVLPTMQEASNGRTKSEPGAVLNGSATFSDWKTDTRISSTKLRKVLNTT
COM2,MSLYPLQRFESNDTVFSYTLNSKTELFNESRNNDKQHFTLQLIPNANANAKEIDNNNVEIINDLTGNTIVDNCVTTATSSNQLERRLSISDYRTENGNYYEYEFFGRRELNEPLFNNDIVENDDDIDLNNESDVLMVSDDELEVNERFSFLKQQPLDGLNRISSTNNLKNLEIHEFIIDPTENIDDELEDSFTTVPQSKKKVRDYFKLNIFGSSSSSNNNSNSLGCEPIQTENSSSQKMFKNRFFRSRKSTLIKSLPLEQENEVLINSGFDVSSNEESDESDHAIINPLKLVGNNKDISTQSIAKTTNPFKSGSDFKMIEPVSKFSNDSRKDLLAAISEPSSSPSPSAPSPSVQSSSSSHGLVVRKKTGSMQKTRGRKPSLIPDASKQ
CRZ1,MSFSNGNMASYMTSSNGEEQSINNKNDIDDNSAYRRNNFRNSSNSGSHTFQLSDLDLDVDMRMDSANSSEKISKNLSSGIPDSFDSNVNSLLSPSSGSYSADLNYQSLYKPDLPQQQLQQQQLQQQQQQQQQQQQQQQKQTPTLKVEQSDTFQWDDILTPADNQHRPSLTNQFLSPRSNYDGTTRSSGIDSNYSDTESNYHTPYLYPQDLVSSPAMSHLTANNDDFDDLLSVASMNSNYLLPVNSHGYKHISNLDELDDLLSLTYSDNNLLSASNNSDFNNSNNGIINTADTQNSTIAINKSKVGTNQKMLLTIPTSSTPSPSTHAAPVTPIISIQEFNEGHFPVKNEDDGTLQLKVRDNESYSATNNNNLLRPDDNDYNNEALSDIDRSFEDIINGRKLKLKKSRRRSSQTSNNSFTSRRSSRSRSISPDEKAKSISANREKLLEMADLLPSSENDNNRERYDNDSKTSYNTINSSNFNEDNNNNNLLTSKPKIESGIVNIKNELDDTSKDLGILLDIDSLGQFEQKVGFKNDDNHENNDNGTFSVKKNDNLEKLDSVTNNRKNPANITPLYEEARQEKSGQES
FZF1,MTDIGRTKSRNLASRIDRKHEGVNANVKAELNGKEGGFDPKLPSGSPMCGEEFSQGHLPGYDDMQVHIASKLVVPSGDPSLKESLPTSEKSSSTDTTSIPQLSFSTTGTSSSESVDSTTAQTPTDPESYWSDAFIPETLVKYSYIHLYKPSVWDLFEY
GIS1,MEIKPVEVIDGVPVFKPSMMEFANFQYFIDEITKFGIENGIVKVIPPKEWLELLEGSPPAESLKTIQLDSPIQQQAKRWDKHENGVFSIENEYDNKSYNLTQWKNLAESLDSRISQGDFNDKTLKENCRVDSQQDCYDLAQLQILESDFWKTIAFSKPFYAVDENSSIFPYDLTLWNLNNLPDSINSSNRRLLTGQSKCIFPWHLDEQNKCSINYLHFGAPKQWYSIPSANTDQFLKILSKEPSSNKENCPAFIRHQNIITSPDFLRKNNIKFNRVVQFQHEFIITFPYCMYSGFNYGYNFGESIEFILDQQAVVRKQPLKCGCGNKKEERKSGPFSNLSYDSNESEQRGSITDNDNDLFQKVRSFDELLNHSSQELQNLEDNKNPLFSNINMNRPQSSSLRSTTPNGVNQFLNMNQTTISRISSPLLSRMMDLSNIVEPTLDDPGSKFKRKVLTPQLPQMNIPSNSSNFGTPSLTNTNSLLSNITATSTNPSTTTNGSQNHNNVNANGINTSAAASINNNISSTNNSANNSSSNNNVSTVPSSMMHSSTLNGTSGLGGDNDDNMLALSLATLANSATASPRLTLPPLSSPMNPNGHTSYNGNMMNNNSGNGSNGSNSYSNGVTTAAATTTSAPHNLSIVSPNPTYSPNPLSLYLTNSKNPLNSGLAPLSPSTSNIPFLKRNNVVTLNISREASKSPISSFVNDYRSPLGVSNPLMYSSTINDYSNGTGIRQNSNNINPLDAGPSFSPLHKKPKILNGNDNSNLDSNNFDYSFTGNKQESNPSILNNNTNNNDNYRTSSMNNNGNNYQAHSSKFGENEVIMSDHGKIKLAES
HEL2,MSESVKENVTPTRNFRRTQGPQNNTKPHNDRKNFRRKQKKNNLSAEPNLTTSSADDTDEENELCVICARKLTYVSLTPCHHKTCHICGFRQRALYNKKSCLICRTENEEVMFTDRIDGDISDKYNFCEKNEKYGINFTSEEVATETLNLLKFFCPLSKDEQVCDFGSFKKYNEHLKSEHNRMICLICATHKHAFPCELEIFTQNQLRNHQTKGNSEGFKGHGNILKGKPKFFQSELSTFISAPSRVIRERDDYDLPSISSLPGSSSGSRTDVRSASSPEESRLRLAERAKYYLENSKEDFNKFSSYNEDYSKGRLSAEKLLESYKLLFTKPNADVYLLIHNLAETFPKNSSKYNNLNAIYEQREQTLARQTSLPSLSSDSSLSMSIGRGHWGGTNDGGSAGAALGVRNIKNLPTLKSPSASYDPFATTVKKNTLRPVQNIKRTTPQSVSYRTSTNTVAFSPTYLESKKGSSSTSLNNSKDKLKSLNLPQLPPPKPKVQIPGLNRPQIADPKQWGKKSSTQDTNVHDNLRELNTTSGGNKKKGKQKQLLFHIGV
MET31,MKLAQDMNVDEIFLKQAAEAIAVISSSPTHTDPIIRELLHRIRQSSPLSAVIPAPENVLKAGEPENMARGLIRIPETQTKRTGGNNHSKEGAQLRKKLSEGSDVDVDELIKDAIKNGTGLL
MET32,MEDQDAAFIKQATEAIVDVSLNIDNIDPIIKELLERVRNRQNRLQNKKPALIPAENGVDINSQGGNIKVKKENALPKPPKSSKSKPQDRRNSTGEKRRTKLLTAGGEGINELLKKVKQSNIVHRQDNNHNGSSNG
MIG1,MQSPYPMTQVSNVDDGSLLKESKSKSKVAAKSEAPRPRGKRGRKKKVVGSPINSASSSATSIPDLNTANFSPPLPQQHLSPLIPIAIAPKENSSRSSTRKGRKTKFEIGESGGNDPYMVSSPKTMAKIPVSVKPPPSLALNNMNYQTSSASTALSSLSNSHSGSRLKLNALSSLQMMTPIASSAPRTVFIDGPEQKQLQQQQNSLSPRYSNTVILPRPRSLTDFQGLNNANPNNNGSLRAQTQSSVQLKRPSSVLSLNDLLVGQRNTNESDSDFTTGGEDEEDGLKDPSNSSIDNLEQDYLQEQSRKKSKTSTPTTMLSRSTSGTNLHTLGYVMNQNHLHFSSSSPDFQKELNNRLLNVQQQQQEQHTLLQSQNTSNQSQNQNQNQMMASSSSLSTTPLLLSPRVNMINTAISTQQTPISQSDSQVQELETLPPIRSLPLPFPHMD
MIG2,MPKKQTNFPVDNENRPRRLKKASVQKQEFLTVSGIPTIASGVMIHQPIPQVLPANMAINVQAVNGGNIIHAPNAVHPMVIPIMAQPAPIHASAASFQPATSPMPISTYTPVPSQSFTSFQSSIGSIQSNSDVSSIFSNMNVRVNTPRSVPNSPNDGYLHQQHIPQQYQHQTASPSVAKQQKTFAHSLASALSTLQKRTPVSAPSTTIESPSSPSDSSHTSASSSAISLPFSNAPSQLAVAKELESVYLDSNRYTTKTRRERAKFEIPEEQEEDTNNSSSGSNEEEHESLDHESSKSRKKLSGVKLPPVRNLLKQIDVFNGPKRV
MIG3,MNYLRDRFPPDNDQRPKGVQRRRIKSKGSRKTVVNTATAAPTTFNENTGVSLTGIGQSKVPPILISVAQNCDDVNIRNTGNNNGIVETQAPAILVPVINIPNDPHPIPSSLSTTSITSIASVYPSTSPFQYLKSGFPEDPASTPYVHSSGSSLALGELSSNSSIFSKSRRNLAAMSGPDSLSSSKNQSSASLLSQTSHPSKSFSRPPTDLSPLRRIMPSVNTGDMEISRTVSVSSSSSSLTSVTYDDTAAKDMGMGIFFDRPPVTQKACRSNHKYKVNAVSRGRQHERAQFHISGDDEDSNVHRQESRASNTSPNVSLPPIKSILRQIDNFNSAPSYFSK
MOT3,MNADHHLQQQQQQRQQHQQQQHQQQQHQHQHQQQQHTILQNVSNTNNIGSDSLASQPFNTTTVSSNKDDVMVNSGARELPMPLHQQQYIYPYYQYTSNNSNNNNVTAGNNMSASPIVHNNSNNSNNSNISASDYTVANNSTSNNNNNNNNNNNNNNNIHPNQFTAAANMNSNAAAAAYYSFPTANMPIPQQDQQYMFNPASYISHYYSAVNSNNNGNNAANNGSNNSSHSAPAPAPGPPHHHHHHSNTHNNLNNGGAVNTNNAPQHHPTIITDQFQFQLQQNPSPNLNLNINPAQPLHLPPGWKINTMPQPRPTTAPNHPPAPVPSSNPVASNLVPAPSSDHKYITNYLLDELKKNNIIFNYNNSSSSNNNNDNNNNNNSNSASGSGGAGAAAAAATAPENEDGNGYDTNIKTLINDGVLNKDDVKRVLNNLIVSHNK
MSN2,MTVDHDFNSEDILFPIESMSSIQYVENNNPNNINNDVIPYSLDIKNTVLDSADLNDIQNQETSLNLGLPPLSFDSPLPVTETIPSTTDNSLHLKADSNKNRDARTIENDSEIKSTNNASGSGANQYTTLTSPYPMNDILYNMNNPLQSPSPSSVPQNPTINPPINTASNETNLSPQTSNGNETLISPRAQQHTSIKDNRLSLPNGANSNLFIDTNPNNLNEKLRNQLNSDTNSYSNSISNSNSNSTGNLNSSYFNSLNIDSMLDDYVSSDLLLNDDDDDTNLSRRRFSDVITNQFPSMTNSRNSISHSLDLWNHPKINPSNRNTNLNITTNSTSSSNASPNTTTMNANADSNIAGNPKNNDATIDNELTQILNEYNMNFNDNLGTSTSGKNKSACPSSFDANAMTKINPSQQLQQQLNRVQHKQLTSSHNNSSTNMKSFNSDLYSRRQRASLPIIDDSLSYDLVNKQDEDPKNDMLPNSNLSSSQQFIKPSMILSDNASVIAKVATTGLSNDMPFLTEEGEQNANSTPNFDLSITQMNMAPLSPASSSSTSLATNHFYHHFPQQGHHTMNSKIGSSLRRRKSAVPLMGTVPLTNQQNNISSSSVNSTGNGAGVTKERRPSYRRKSMTPSRRSSVVIESTKELEEKPI
MSN4,MLVFGPNSSFVRHANKKQEDSSIMNEPNGLMDPVLSTTNVSATSSNDNSANNSISSPEYTFGQFSMDSPHRTDATNTPILTATTNTTANNSLMNLKDTASLATNWKWKNSNNAQFVNDGEKQSSNANGKKNGGDKIYSSVATPQALNDELKNLEQLEKVFSPMNPINDSHFNENIELSPHQHATSPKTNLLEAEPSIYSNLFLDARLPNNANSTTGLNDNDYNLDDTNNDNTNSMQSILEDFVSSEEALKFMPDAGRDARRYSEVVTSSFPSMTDSRNSISHSIEFWNLNHKNSSNSKPTQQIIPEGTATTERRGSTISPTTTINNSNPNFKLLDHDVSQALSGYSMDFSKDSGITKPKSISSSLNRISHSSSTTRQQRASLPLIHDIESFANDSVMANPLSDSASFLSEENEDDAFGALNYNSLDATTMSAFDNNVDPFNILKSSPAQDQQFIKPSMMLSDNASAAAKLATSGVDNITPTPAFQRRSYDISMNSSFKILPTSQAHHAAQHHQQQPTKQATVSPNTRRRKSSSVTLSPTISHNNNNGKVPVQPRKRKSITTIDPNNYDKNKPF
NRG1,MFYPYNYSNLNVSTMPALPGISAFDGMQDEENVEISPERKYQTLLPVLTNSHVVENELKHKLNKTAFDFRYQTKSENGSEKWEPKYLITPNLQTRSVSFDNSSVQYNSDSSEKSSLSQLTCNSSIIQQPENGIVSNDAYNKMANSRYSLKTRKQRTDPRNTLSDEEDLEQRRKLKKGQ
NRG2,MSIGYKDNLMSTILAKDRKCEFPINFECSPSQITLMPEMFSFNNERKYQTLIPLMKTSHLIDDDLKDKLNKCAFDFFSGKQANRTSDGTISRLTASGKTSPILPLQNINIVKAENTGNGKSDPYSSIKISKPTKTVIKLKSTKTNTAGQRTRRNWKRREASS
OTU1,MKLKVTGAGINQVVTLKQDATLNDLIEHINVDVKTMRFGYPPQRINLQGEDASLGQTQLDELGINSGEKITIESSDSNESFSLPPPQPKPKRVLKSTEMSIGGSGENVLSVHPVLDDNSCLFHAIAYGIFKQDSVRDLREMVSKEVLNNPVKFNDAILDKPNKDYAQWILKMESWGGAIEIGIISDALAVAIYVVDIDAVKIEKFNEDKFDNYILILFNGIHYDSLTMNEFKTVFNKNQPESDDVLTAALQLASNLKQTGYSFNTHKAQIKVDFGQNR
PZF1,MGGEVLNNEGMPLAELKQETIPISRSESSESLNSLTSTRSSSSNRPKTKSLHKNPDDSLVTKNTEEDIPLELKYKISDIQQLVQDHGVQLGNSKHSNEQDEEKISNRLRKRRKLTENNNVEFLQNEVDLEKRLESGENGLNLLLNTVGRKKVHELKLKILQEKEENKTLVDQNHKEPFIIQKETQSAGDK
REI1,MSSSGVRYNLKRRVAQLPPISFETFDSKVSAAAASTSKSAEKEKPVTKKELKRREKQALLEKKKKLLEIARANMLENMQKSQEGNTPDLSKLSLQENEENKEKEEPKKEEPEQLTEEEMAERVMQEKLRNRVDIPLGFYIPEQKYLVDKIGLVKYMSEKIGLGCKIPYESEDERLEISEFYDFTSSYANFNSNTTPDNEDDWEDVGSDEAGSDDEDLPQEYLYNDGIELHLPTGIKVGHRSLQRYYKQDLKPEVILTEGQGTLVAAETRSFLPAFDKKGVQTQQRVWQTERFDKKRLDKRSAKFVNNQPHYRDQLLQ
RGM1,MRGKQPKRNKDNASVKRNDVDLMSLRRLQQSANSTANDPNATRMFPQLRPYGIVVQPAPVPYNLPISTPASPQDTISLYAPPYFPHPMPSAPIPLPHQPPPLPIYSYMQPLFLNHTPIQNHNIVELPPDSSDTPASPSKVQSFDQAKDASPNAKK
RIM101,MVPLEDLLNKENGTAAPQHSRESIVENGTDVSNVTKKDGLPSPNLSKRSSDCSKRPRIRCTTEAIGLNGQEDERMSPGSTSSSCLPYHSTSHLNTPPYDLLGASAVSPTTSSSSDSSSSSPLAQAHNPAGDDDDADNDGDSEDITHKNLQLESGGILKRKRGPKWGSKRTSKKNKSCASDAVSSCSASVPSAIAGSFKSHSTSPQILPPLPVGISQHLPSQQQQRAISLNQLCSDELSQYKPVYSPQLSARLQTILPPLYYNNGSTVSQGANSRSMNVYEDGCSNKTIANATQFFTKLSRNMTNNYILQQSGGSTESSSSSGRIPVAQTSYVQPPNAPSYQSVQGGSSISATANTATYVPVRLAKYPTGPSLTEHLPPLHSNTAGGVFNRQSQYAMPHYPSVRAAPSYSSSGCSILPPLQSKIPMLPSRRTMAGGTSLKPNWEFSLNQKSCTNDIIMSKLAIEEVDDESEIEDDFVEMLGIVNIIKDYLLCCVMEDLDDEESEDKDEENAFLQESLEKLSLQNQMGTNSVRILTKYPKILV
RME1,MSPCYGQNSAIAKGSWNREVLQEVQPIYHWHDFGQNMKEYSASPLEGDSSLPSSLPSSTEDCLLLSLENTITVIAGNQRQAYDSTSSTEEGTAPQLRPDEIADSTHCITSLVDPEFRDLINYGRQKGANPVFIESNTTEQSHSQCILGYPQKSHVAQLYHDPKVLSTISEGQTKRGSIGELDIEMEKSLNLKVEKYPGRFNKRLKKILNNTK
RPH1,MTKLIAPSEIVGGVPVFKPTYEQFEDFYAYCKAINKYGMKSGVVKVIPPKEWKDKLDLPYSAETLQKIKIKSPIQQHISGNKGLFMVQNVEKNKTYNIIQWKDLSKDYVPPEDPKARRNSRKGSVSKSTKLKLKNFESSFNIDDFEQFRTEYTIDLSDFQNTERLKFLEEYYWKTLNFTTPMYGADTPGSIFPEGLNVWNVAKLPNILDHMETKVPGVNDSYLYAGLWKASFSWHLEDQDLYSINYIHFGAPKQWYSIPQEDRFKFYKFMQEQFPEEAKNCPEFLRHKMFLASPKLLQENGIRCNEIVHHEGEFMITYPYGYHAGFNYGYNLAESVNFALEEWLPIGKKAGKCHCISDSVEIDVKKLAKSWRDNNKESKGTPPLNQLPNPAMPLLHRPTLKEMESSSLRSTSPDVGHFSNFKSKSSGVSSPLLSRMKDYSNIVEPTLEDPTLKLKRISSFQEQPLNKLLKRETSQTAMLTDHEDNIVAMSLTSMANSAASSPRLPLSRLNSSNELSNAQPLLDMTNNTLAFPRPNGPSGLNPLLYISNKNISGISHSAPHSPVNPNISLIKRVKSPNIVTLNISRESSRSPIALNYEARQQHSQQHSFSTPSTVSNLSTSVLGPLSDTNDIKTPHPERPNHKTANRILKKESPVETSKSNLILSKVASTRQEDSFTSRNDDLDKEQGSSPLNSKFAPEEIVLSGKNKIKKIPCISNETTVDAPIMNPTVQPQDGKAAINQQSTPLN
RPN4,MASTELSLKRTLTDILEDELYHTNPGHSQFTSHYQNYHPNASITPYKLVNKNKENNTFTWNHSLQHQNESSAASIPPQQTYHFPIFNKYADPTLTTTTSFTTSEATANDRQINNVHLIPNEIKGASETPLQKTVNLKNIMKVSDPYVPTRNTFNYDVKISNDFFDNGDNLYGNDEEVLFYEDNYNPKMQWSLQDNSAAINNEDARAIFNNEFDSDDDDISDDEEDEIEENCLQQEQHQEEPLLSLDVTPISMFGSDQKTGRAKSSSHLFNEYSYVDSNMDSISSVVSEDLLDERGHEKIEDEDEDNDLDEDDIYDISLLKNRRKQSFVLNKNTIDFERFPSPSTSANVPSTATTGKRKPAKSSSNRSCVSNSNENGTLERIKKPTSAVVSSNASRRKLINYTKKHLSSHSSTNSNSKPSTASPSAHTSSSDGNNEIVFRCSECIKILGSEGYQKTFSRLDALTRHIKSKHEDLSLEQRQEVTKFAKANIGYVMG
RSF2,MEPFAFGRGAPALCILTAAARINLDNFVPCCWALFRLSFFFPLDPAYIRNENKETRTSWISIEFFFFVKHCLSQHTFFSKTLAPKRNFRAKKLKDIGDTRIDRADKDFLLVPEPSMFVNGNQSNFAKPAGQGILPIPKKSRIIKTDKPRPALVGTGDPRRMTPAPNSTSSFASKRRHSVAADDPTDLHIIKIAGNKETILPTPKNLAGKTSEELKEAVVALAKSNNVELPVSAPVMNDKREKTPPSKAGSLGFREFKFSTKGVPVHSASSDAVIDRANTPSSMHKTKRHASFSASSAMTYMSSSNSPHHSITNFELVEDAPHQVGFSTPQMTAKQLMESVSELDLPPLTLDEPPQAIKFNLNLFNNDPSGQQQQQQQQQQNSTSSTIVNSNNGSTVATPGVYLLSSGPSLTDLLTMNSAHAGAGGYMSSHHSPFDLGCFSHDKPTVSEFNLPSSFPNTIPSNSTTASNSYSNLANQTYRQMSNEQPLMSLSPKNPPTTVSDSSSTINFNPGTNNLLEPSMEPNDKDSNIDPAAIDDKWLSEFINNSDPKSTFKINFNHFNDIGFIYSPPSSRSSIPNKSPPNHSATSLNHEKASLSPRLNLSLNGSTDLPSTPQNQLKEPSYSDPISHSSHKRRRDSVMMDYDLSNFFSSRQLDISKVLNGTEQNNSHVNDDVLTLSFPGETDSNATQKQLPVLTPSDLLSPFSVPSVSQVLFTNELRSMMLADNNIDSGAFPTTSQLNDYVTYYKEEFHPFFSFIHLPSIIPNMDSYPLLLSISMVGALYGFHSTHAKVLANAASTQIRKSLKVSEKNPETTELWVIQTLVLLTFYCIFNKNTAVIKGMHGQLTTIIRLLKASRLNLPLESLCQPPIESDHIMEYENSPHMFSKIREQYNAPNQMNKNYQYFVLAQSRIRTCHAVLLISNLFSSLVGADCCFHSVDLKCGVPCYKEELYQCRNSDEWSDLLCQYKITLDSKFSLIELSNGNEAYENCLRFLSTGDSFFYGNARVSLSTCLSLLISIHEKILIERNNARISNNNTNSNNIELDDIEWKMTSRQRIDTMLKYWENLYLKNGGILTPTENSMSTINANPAMRLIIPVYLFAKMRRCLDLAHVIEKIWLKDWSNMNKALEEVCYDMGSLREATEYALNMVDAWTSFFTYIKQGKRRIFNTPVFATTCMFTAVLVISEYMKCVEDWARGYNANNPNSALLDFSDRVLWLKAERILRRLQMNLIPKECDVLKSYTDFLRWQDKDALDLSALNEEQAQRAMDPNTDINETIQLIVAASLSSKCLYLGVQILGDAPIWPIILSFAHGLQSRAIYSVTKKRNTRI
SFP1,MDFTTMTMASNMATSTTTTATSAHASINSSSNFNIDIDSNQNTPSILINNNSDSSNGKNTDFNGVNNIHQKNIMNNTNNVHLYSPNIMDQTLLTPQDIAKLRRESIAHSQGMGGVSWGSISVGSWLRDEIISRRNSIVPASANGAASAAASATTTATNTLQIQQPTKRPSVSNPPYHRGYSISPQIAYTAYLPNLEKQYCKDISTSPNTTNMSQIPMNSAGNTSSSVRMTNNTSSANYNLQNNMAANTKNAGHKTNTMQAHSSNATNNTSINNMHANLQSNMDSNSTIRQSQHPHHQQNIIQQQLQSNSVNHTSGAVPTPSVMGSATASSTTANPNVISITGAPNSGLSMANHSQQLHLNGNLVDAVSTNDVFLRTSNSPSRHVPHNKQINSNNNSGININNNTSHNSNINMGSKNAMVNRPHTFNNYSLNKTSRNPIQHQSRKIDPHQTDLSPLVLVQDIDLSFMDDDILGPSNHNSMNSVVNPTTGSHNYNTFHSSVHAKSSQNMVEDQDIDDIDDDDDVDDDDDDDDDDDTENGSSSNGKSVHNNNYKMPQQAYIDDPARRLYVMDHEEQKPHENPDGTFSVIDPDSTDSFGDGMGSAKDKP
STP1,MPSTTLLFPQKHIRAIPGKIYAFFRELVSGVIISKPDLSHHYSCENATKEEGKDAADEEKTTTSLFPESNNIDRSLNGGCSVIPCSMDVSDLNTPISITLSPENRIKSEVNAKSLLGSRPEQDTGAPIKMSTGVTSSPLSPSGSTPEHSTKVLNNGEEEYHCPFFNSATPPDVLYPKGVKPQDRNKSSGHCAQCGEYFSTIENFVENHIESGDCKALPQGYTKKNEKRSGKLRKIKTSNGHSRFISTSQSVVEPKVLFNKDAVEAMTIVANNSSGNDIISKYGNNKLMLNSENFKVDIPKRKRKYIKKKQQQVSGSTVTTPEVATQNNQEVAPDEISSATIFSPFDTHLLEPVPSSSSESSAEVMFHGKQMKNFLIDINSFTNQQQQAQDNPSFLPLDIEQSSYDLSEDAMSYPIISTQSNRDCTQYDNTKISQILQSQLNPEYLSENHMRETQQYLNFYNDNFGSQF
STP2,MPILSLSSTRNSVLTRIYDYLKALVQQVIVPNVEDDKSSKSTPFEKLEPAKQNHPQKDCCATEKDDLVDVSELFPKQNNKQLSLTSKSSVVPCALNLDNLETPFSIKIDNNGAVTTQLNLDEPILRGPSRGEPAKLQNDLISSPPLEESYINNDQYKALFPSNFLPITPVSSVITPASKKSIDESPLSDEVQGIADESSETLPYHCPFFDNSISQEFTYPEGVKPQDRNKSPGVCTQCGEHFSTSESWVENHIEAGSCKGLPEGYSEGIREKKKTSKMKMIKTSDGQTRFISSDESVSEPALQNKNCIEATVMQSKERPNDKIIPTKTEKNDFGIGTQWFERKQISRPTQTTQSRGPTEVQNLKEWSIISPPILSPQNASSVPQEYQSSRYTLHMDSPALSSASSALSPLSGDPITTTETNKSYPLDSEQSLLEPDKTEEDAINQSKESNMISINEMLQKQMDFELLGENHLKETQDYLALYKKAYGIEF
STP3,MSNANNSAMNHITLPPISSFDNLIKAAERQYNGEASSASTHPTLPNMNISNGSGSAGASSSMLSYQLLPHSNDVSRSNSSSSFLPSVQQPTEGSASASETSSSASPSRSISPILKVAGPSSVGGAGVSTPHSTKINKPRKKLTPEDRPLSQSGVLSNHNDGKGGSVSPNDDDTHEKMTPMNSVTDYAQLKSLHQIKGTFKCPFNSTLIQLDMDMYPYKLKPLNFETSNCHQTGVFSRCDTFKNHLKALHFEYPPGTKKKDRNVVPGRCKHCGLKFENVDVWLNEHVGKQCGYKYH
STP4,MLVSSSFASSIDSVMSHETMSLRRNPPFIDTPEKMPNPTASPNGTIHHLIDPSLPLLSSTTSSSRSTLSSTLNSPPPPPLTTSYSSYNSSACQSITSSPTDNTALAHNSKCYFPHSLSPTPLSSNSSSHVILPPISSFTNLITVAEREFNGRSNSLHANFTSPVPRTVLDHHRHELTFCNPNNTTGFKTITPSPPTQHQSILPTAVDNVPRSKSVSSLPVSGFPPLIVKQQQQQQLNSSSSASALPSIHSPLTNEHTSRYSSSLKDSAKITKQRKKLTPEDRPMQIYARESDNNSGADDQDDTARTSANNDSDDSNDKLAASSSSEETKLLKKNQLKSLYKIKGAFKCPYNSTLINLDMEVYPHKSRSLYFEPFEYPPKTKKEDRGVVPGKCKHCGLQFPNVDVWLNKHVGKGCGYSYH
SWI5,MDTSNSWFDASKVQSLNFDLQTNSYYSNARGSDPSSYAIEGEYKTLATDDLGNILNLNYGETNEVIMNEINDLNLPLGPLSDEKSVKVSTFSELIGNDWQSMNFDLENNSREVTLNATSLLNENRLNQDSGMTVYQKTMSDKPHDEKKISMADNLLSTINKSEINKGFDRNLGELLLQQQQELREQLRAQQEANKKLELELKQTQYKQQQLQATLENSDGPQFLSPKRKISPASENVEDVYANSLSPMISPPMSNTSFTGSPSRRNNRQKYCLQRKNSSGTVGPLCFQELNEGFNDSLISPKKIRSNPNENLSSKTKFITPFTPKSRVSSATSNSANITPNNLRLDFKINVEDQESEYSEKPLGLGIELLGKPGPSPTKSVSLKSASVDIMPTIPGSVNNTPSVNKVSLSSSYIDQYTPRGKQLHFSSISENALGINAATPHLKPPSQQARHREGVFNDLDPNVLTKNTDNEGDDNEENEPESRFVISETPSPVLKSQSKYEGRSPQFGTHIKEINTYTTNSPSKITRKLTTLPRGSIDKYVKEMPDKTACPCGKKFNREDALVVHRSRMICSGGKKYENVVIKRSPRKRGRPRKDGTSSVSSSPIKENINKDHNGQLMFKLEDQLRRERSYDGNGTGIMVSPMKTNQR
TDA9,MSSEEFKGLPIKRDISSTIYADRPPALSAPPCVGATGNDKIQVLPIPKKSRTIKTDKPRPKESINSKDKTEIDAINDKNIIQIQGNKQTILPTPSNPLAKTAVQLKKAAKEKKNGKQGKLDLSPSYGANNHSTDVSPSVGNSSTPAVIEETDSSSHFPLPDTNIPTKSKRHASFSASSAFTYSSDNFQKLHQQAKSDFDELQESIPHQVGFSTPQLTAQQLIENAIESGVVDLETLDLPPFLSLDGLPPASSSAAVAASEQIDICPSSATDTISGANSTPNQAATAPPFQLPIARESSSLFLANTPYLSDFLTMGSSYGGSGGFAKSITADPSLDYFNYKNHSHPDSRHNNSSSGINYSNNKNNNESIEKSQNNSNVINETIDHTDIHAHHADAHDDSFIESEEWLSKFIMDSQIDNDLKLNINHFNDIGFNNLHPQNPTTHSEPRNMHNENRDMHRSASKFQSVSENISPREQMSLFKTKQNKAISKFLSDEKIPSTASPSSSASPVQFDKKNVDINEFLLDESVSNLFTTRQIDLFKKNVNLYSPLFQNQKDAVSSTSLTPSLTTQTATTQSGPGWTDSSQKLTFFTEQLRNLIIKENNLKSNLFPTVDELNHYVDLYQVEFHKYFPFIHLYSIIPSSENYPLVISISMIGALYGFHSTHALLLSKIARTRVRMFLENTRSNHDKTPIWLMQSLVLLTFTSIFSNDMNAFRTVNTQIMILVQLIKISKLNYPLENFIKPPIESDHVLEYQDNPAVLNQFKAQYNTREQINRNFKYFILAQSRIRICHIVLLISNLFKSLVDFDCCFHSIDLKCGVPCYNEVLFFCENSRTWNENLTRFNIVLDSKFSLIEVSNGESNYEKCLMYLSNGNPYLYKNAKISFKTLLSLLISIHEKINIERDALKDSYESDFHAKNVQWRMHSRPLVATMLKHWELLYIKNGGILALSDENLPIINTNPSFRLIIPLYFFAKLRKCLDIAPTLRCIWNQDWNSMNSSLEKVCYERESLREATEYAVSVITFWIDTVSVMKGKSTQTPIFTITCIFVSILVIAGYMRRLEDFAQNKNSDCMIGSLKSTDRILWLKAFKTLKRIESHLSEREYKLQTFAEFLRVPDNGSLDIESLDSSLIENTLNSHDVTNQALDIITRTRLSSRTLYCGARILGDTPVWPVSLLFAHALQSRAIYNINHRKSVNSV
USV1,MENTTNRNTAGVLTSSNGNFATNSVAASTPKRSKSARRKTHSTSSHQRKPSSSSLSSSSSASSSSSASSSTSYSDPYRKTNINSGNMPMMAENEKAPQIIHSSPEFITSTRSIPPISPRSIYNTQRQQQHQQQQHQQAPYYFPSHPITDSYYQYPLPSNNNTINYLPSVDVQYPLNVSPSSTSHPASEVIISSFPPRSMPSTSFKYKDSADFQARTTMNKYNIRPSNINVNTSNINNHLDSFSPPFSPSTTVAEAKPIILPQYQQAFSQPPNGNKNNNMSSSKNGGKGGENFKNTDDRNDNNNKKRSETLSESDISVNTNKKRLSVDYILT
ZAP1,MDALTPRDSPKRDDSMATSAATAASAKPDALTIGKEGIVHGHIHNYNNLTYIHGHLHHSAPVNDSSASATPAAAAVADAATSAFASGASHDMGGDCHVNEKCKEYTDCQHFEFLNYHNNPSLTKYNDTATYNSNNHSFANNFHSVASDPTSPQQNSKSDLPRRKDSWFNDDLILLPSSKKNKPNPPPGSDDCYCTPKILEICCDETHPKSEANIKQGESDQPTKKDISENGNDVAIFTDVKNDHLMPNFNLHDQYCNSTNHDSHNHNNTVPDSFSQLMSHLSEIDCDLTCDTPCTASTSATSGHKFVQDHQSSNNDDVFHKYCKFCEESTDNQPCSKHMHLESKPPQLPPKCSSLRKPTNTLQGTNHAYHEHILNTDMDLKILEDLCNISSLYEVPFGKHINHHDHNNAGNGCDGSSTGNNENGNQTMNLLLSSINRCNPKNNLNGSNNNTAGATSTDHQHHHHRIQFHSHKPNRNNIVNNSGISAANTTADLTNNDLNDLISREYSYERFRNQSEPPSLPKVTHQNQKNRRSWPTKDLESTDFSSLEDSLPSSISPPIQTTSTINFNWCFKEEKNNDVSQDFKHPMEPGINFDIQFANPDSFLPGSISKEKHHLLHCPNPQTHEVSKADGAPDMTSANDVSNIPPIKQPEQLTRGKSECSDCSKSFDDLGKLNSQKVKCALERKPYL
YAP5,MALPLIKPKESEESHLALLSKIHVSKNWKLPPRLPHRAAQRRKRVHRLHEDYETEKQKLETLTLKQASVPAQDPILQNLIENFKPMKAIPIKYNTAIKRHQHSTELPSSVKCGFCNDNTTCVCKELETDHRKSDDGVATEQKDMSMPHAECNNKDNPNGLCSNCTNIDKSCIDIRSIIH
SKO1,MSSEERSRQPSTVSTFDLEPNPFEQSFASSKKALSLPGTISHPSLPKELSRNNSTSTITQHSQRSTHSLNSIPEENGNSTVTDNSNHNDVKKDSPSFLPGQQRPTIISPPILTPGGSKRLPPLLLSPSILYQANSTTNPSQNSHSVSVSNSNPSAIGVSSTSGSLYPNSSSPSGTSLIRQPRNSNVTTSNSGNGFPTNDSQMPGFLLNLSKSGLTPNESNIRTGLTPGILTQSYNYPVLPSINKNTITGSKNVNKSVTVNGSIENHPHVNIMHPTVNGTPLTPGLSSLLNLPSTGVLANPVFKSTPTTNTTDGTVNNSISNSNFSPNTSTKAAVKMDNPAEFNAIEHSAHNHKENENLTTQIENNDQFNNKTRKRKRRMSSTSSTSKASRKNSISRKNSAVTTAPAQKDDVENNKISNNVTLDENPSSSSPPSTSLIALLESSISRSDYSSAMSVLSNMKQLICETNFYRRGGKNPRDDMDGQEDSFNKDTNVVKSENAGYPSVNSRPIILDKKYSLNSGANISKSNTTTNNVGNSAQNIINSCYSVTNPLVINANSDTHDTNKHDVLSTLPHNN
YAP3,MTPSNMDDNTSGFMKFINPQCQEEDCCIRNSLFQEDSKCIKQQPDLLSEQTAPFPILEDQCPALNLDRSNNDLLLQNNISFPKGSDLQAIQLTPISGDYSTYVMADNNNNDNDSYSNTNYFSKNNGISPSSRSPSVAHNENLRSGNENFSKDIEDDTNYKYSFPTKDEFFTSMVLESKLNHKGKYSLKDNEIMKRNTQYTDEAGRHVLTVPATWEYLYKLSEERDFDVTYVMSKLQGQECCHTHGPAYPRSLIDFLVEEATLNE
YAP6,MQNPPLIRPDMYNQGSSSMATYNASEKNLNEHPSPQIAQPSTSQKLPYRINPTTTNGDTDISVNSNPIQPPLPNLMHLSGPSDYRSMHQSPIHPSYIIPPHSNERKQSASYNRPQNAHVSIQPSVVFPPKSYSISYAPYQINPPLPNGLPNQSISLNKEYIAEEQLSTLPSRNTSVTTAPPSFQNSADTAKNSADNNDNNDNVTKPVPDKDTQLISSSLIAQHEAIRNAITMLRSEYDVLCNENNMLKNENSIIKNEHNMSRNENENLKLENKRFHAEYIRMIEDIENTKRKEQEQRDEIEQLKKKIRSLEEIVGRHSDSAT
MET28,MSAKQGWEKKSTNIDIASRKGMNVNNLSEHLQNLISSDSELGSRLLSLLLVSSGNAEELISMINNGQDVSQFKKLREPRKGKVAATTAVVVKEEEAPVSTSNEIKSLKLLNDIKRRNMGR
HAC1,MEMTDFELTSNSQSNLAIPTNFKSTLPPRKRAKTKEELNSVNLEKLADHEDALTCSHDAFVASLDEYRDFQSTRGASLDTRASSHSSSDTFTPSPLNCTMEPATLSPKSMRDSASDQETSWELQMFKTENVPESTTLPAVDNNNLFDAVASPLADPLCDDIAGNSLPFDNSIDLDNWRNPEAQSGLNSFELNDFFITS
YAP1,MSVSTAKRSLDVVSPGSLAEFEGSKSRHDEIENEHRRTGTRDGEDSEQPKKKGSKTSKKQDRPETRNDSKVLEYLARRDPNLHFSKNNVNHSNSEPIDTPNDDIQENVKQKMNFTFQYPLDNDNDNDNSKNVGKQLPSPNDPSHSAPMPINQTQKKLSDATDSSSATLDSLSNSNDVLNNTPNSSTSMDWLDNVIYTNRFVSGDDGSNSKTKNLDSNMFSNDFNFENQFDEQVSEFCSKMNQVCGTRQCPIPKKPISALDKEVFASSSILSSNSPALTNTWESHSNITDNTPANVIATDATKYENSFSGFGRLGFDMSANHYVVNDNSTGSTDSTGSTGNKNKKNNNNSDDVLPFISESPFDMNQVTNFFSPGSTGIGNNAASNTNPSLLQSSKEDIPFINANLAFPDDNSTNIQLQPFSESQSQNKFDYDMFFRDSSKEGNNLFGEFLEDDDDDKKAANMSDDESSLIKNQLINEEPELPKQYLQSVPGNESEISQKNGSSLQNADKINNGNDNDNDNDVVPSKEGSLLRCSEIWDRITTHPKYSDIDVDGLCSELMAKAKCSERGVVINAEDVQLALNKHMN
ACA1,MDYKHNFATSPDSFLDGRQNPLLYTDFLSSNKELIYKQPSGPGLVDSAYNFHHQNSLHDRSVQENLGPMFQPFGVDISHLPITNPPIFQSSLPAFDQPVYKRRISISNGQISQLGEDLETVENLYNCQPPILSSKAQQNPNPQQVANPSAAIYPSFSSNELQNVPQPHEQATVIPEAAPQTGSKNIYAAMTPYDSNIKLNIPAVAATCDIPSATPSIPSGDSTMNQAYINMQLRLQAQMQTKAWKNAQLNVHPCTPASNSSVSSSSSCQNINDHNIENQSVHSSISHGVNHHTVNNSCQNAELNISSSLPYESKCPDVNLTHANSKPQYKDATSALKNNINSEKDVHTAPFSSMHTTATFQIKQEARPQKIENNTAGLKDGMQECTINGGNNSYQSLQNKDSDVNGFLKMIEEMIRSSSLYDE
YAP7,MRQRRSVVAVSVKPKGFKLGHKQGSMSTTSPPPSSPDGNVSTSGPSAIKLSKNWELPQRLKPGRKPKSKRGDASANNDGSSKIKKVQTSNQKDQMTTKDHENEGAKGHEGKSDDEGNGSGDESIALNNELQKALPLIVNTPFQQQPENPPDNPISILEMVENFKPIGAVSLKKGKLKAHC
CIN5,MLMQIKMDNHPFNFQPILASHSMTRDSTKPKKMTDTAFVPSPPVGFIKEENKADLHTISVVASNVTLPQIQLPKIATLEEPGYESRTGSLTDLSGRRNSVNIGALCEDVPNTAGPHIARPVTINNLIPPSLPRLNTYQLRPQLSDTHLNCHFNSNPYTTASHAPFESSYTTASTFTSQPAASYFPSNSTPATRKNSATTNLPSEERRRVSVSLSEQVFNEGERYNNDGQLIGKT
GCN4,MSEYQPSLFALNPMGFSPLDGSKSTNENVSASTSTAKPMVGQLIFDKFIKTEEDPIIKQDTPSNLDFDFALPQTATAPDAKTVLPIPELDDAVVESFFSSSTDSTPMFEYENLEDNSKEWTSLFDNDIPVTTDDVSLADKAIESTEEVSLVPSNLEVSTTSFLPTPVLEDAKLTQTRKVKKPNSVVKKSHHVGKDDESRLDHLGVVAYNRKQRSIPLSPIVPR
CAD1,MGNILRKGQQIYLAGDMKKQMLLNKDGTPKRKVGRPGRKRRAKNSDDERILAFLDDLQEQQKRENEKGTSTAVSKAAKELPSPNSDENMTVNTSIEVQPHTQENEKVMWNIGSWNAPSLTNSWDSPPGNRTGAVTIGDESINGSEMPDFSLDLVSNDRQTGLEALDYDIHNYFPQHSERLTAEKIDTSACQCEIDQKYLPYETEDDTLFPSVLPLAVGSQCNNICNRKCIGTKPCSNKEIKCDLITSHLLNQKSLASVLPVAASHTKTIRTQSEAIEHISSAISNGKASCYHILEEISSLPKYSSLDIDDLCSELIIKAKCTDDCKIVVKARDLQSALVRQLL
CST6,MFTGQEYHSVDSNSNKQKDNNKRGIDDTSKILNNKIPHSVSDTSAAATTTSTMNNSALSRSLDPTDINYSTNMAGVVDQIHDYTTSNRNSLTPQYSIAAGNVNSHDRVVKPSANSNYQQAAYLRQQQQQDQRQQSPSMKTEEESQLYGDILMNSGVVQDMHQNLATHTNLSQLSSTRKSAPNDSTTAPTNASNIANTASVNKQMYFMNMNMNNNPHALNDPSILETLSPFFQPFGVDVAHLPMTNPPIFQSSLPGCDEPIRRRRISISNGQISQLGEDIETLENLHNTQPPPMPNFHNYNGLSQTRNVSNKPVFNQAVPVSSIPQYNAKKVINPTKDSALGDQSVIYSKSQQRNFVNAPSKNTPAESISDLEGMTTFAPTTGGENRGKSALRESHSNPSFTPKSQGSHLNLAANTQGNPIPGHLREHEKLNKDSDNNVNGTNSSNKNESMTVDSLKIIEELLMIDSDVTEVDKDTGKIIAIKHEPYSQRFGSDTDDDDIDLKPVEGGKDPDNQSLPNSEKIK
CBF1,MNSLANNNKLSTEDEEIHSARKRGYNEEQNYSEARKKQRDQGLLSQESNDGNIDSALLSEGATLKGTQSQYESGLTSNKDEKGSDDEDASVAEAAVAATVNYTDLIQGQEDSSDAHTSNQTNANGEHKDSLNGERAITPSNEGVKPNTSLEGMTSSPMESTQQSKNDMLIPLAEHDRGPEHQQDDEDNDDADIDLKKDISMQPGRRGRKPTTLATWTLQKLLSEQNASQLASANEKLQEELGNAYKEIEYMKRVLRKEGIEYEDMHTHKKQENERKSTRSDNPHEA
HMS1,MPNFQKPFSGSSDGNSVMNDLGNKVAIKVFDCRSAQDGSEEQNVNVTTNQMYLMFQSNNYNVPPPNYNTEDLGSQGPPTHAYYAPFQHPIHLQPPVPPVYKNNTYSATDQYSDSSFPNTSGHTPVIDSNYYNDALASIPTTTTGSTTMTTDNGNTIDSEEYIDNMEVFSSEENENIDNVKQTDLKSEKDSSLLSAASIVKKEQLSGFENFLPLSKTESPLVTADEIKSSLNLENIDNADSMSFKLKTSPIRKHFHVKPKRITRTEPSQPLSDNSSSEQVQKQTRSCQRQRQRQPRQQQPLHNIQYNIPHQNGLMSGTNNSHDMDFNNAGDF
PHO4,MGRTTSEGIHGFVDDLEPKSSILDKVGDFITVNTKRHDGREDFNEQNDELNSQENHNSSENGNENENEQDSLALDDLDRAFELVEGMDMDWMMPSHAHHSPATTATIKPRLLYSPLIHTQSAVPVTISPNLVATATSTTSANKVTKNKSNSSPYLNKRRGKPGPDSATSLFELPDSVIPTPKPKPKPKQYPKVILPSNSTRRVSPVTAKTSSSAEGVVVASESPVIAPHGSSHSRSLSKRRSSGALV
INO2,MQQATGNELLGILDLDNDIDFETAYQMLSSNFDDQMSAHIHENTFSATSPPLLTHELGIIPNVATVQPSHVETIPADNQTHHAPLHTHAHYLNHNPHQPSMGFDQALGLKLSPSSSGLLSTNESNAIEQFLDNLISQDMMSSNASMNSESHLHIRSPKKQHRYTELNQRYPETHPHSNTGELPTNTADVPTEFTTREGPHQPIGNDHYNPPPFSVPEIRIPDSDIPANIDDS
RTG3,MMNNNESEAENQRLLDELMNQTKVLQETLDFSLVTPTPHHNDDYKIHGSAYPGGETPAQQHEKLSYINTHNSNDNNNLMGSQARSNSQTPTASTIYEEAESQSSYLDDMFRTSQGGRPVTQNSISSIGQGPLRSSYSMAYDSPVDRAMNTPLQQQEGLKAELPHDFLFQHGTDDTMYNLTDDLSSSLSSSINSDMMTPNTYSSSFSYNPQSLGPASVSSTYSPKVRSPSSSFRAGSFLSSSFRHGSINTPRTRHTSISSNMTENIGPGSVPKILGGLTEEKKSSVAALSPFTNNHHASSGQNNSENSEERIIDIRSVPNALMNEQNSKAELHNWEPPLYDSVGNHNHAGTMESHPHTNIHEELKEFLSGDLIEAEDNAKLMFGDDNSNPADYLLEFGSG
RTG1,MSSIPAGTDPAEVALSRIGVGPLAATNDDSVRPPAKRLSSFEYGGYGEYGNGS
TYE7,MNSILDRNVRSSETTLIKPESEFDNWLSDENDGASHINVNKDSSSVLSASSSTWFEPLENIISSASSSSIGSPIEDQFISSNNEESALFPTDQFFSNPSSYSHSPEVSSSIKREEDDNALSLADFEPASLQLMPNMINTDNNDDSTPLKNEIELNDSFIKTNLDAKETKKRAPRKRLTPKQDQK
INO4,MTNDIKEIQTIQPGLSEIKEIKGELANVKKRKRRSAKTGSSSSSDPVQEQNGNIRDLVPKELIWELGDGQSGQ
YHP1,MESRNTVLPSLPNIITGTSNSPFQLHTLPNTNFPSDDQGDIRLPPLAASAHIVRPVVNIYKSPCDEERPKRKSPQAVDFLSQRVTTSMTPLSKPKKLSSHSPFTPTVRVCSKEQPPQSMHSYKKVNILTPLSAAKAVLTPTTRKEKKRSFAFITHSQETFPKKEPKINTSHCKVHSNDSMSMISYSDAALEITSTPTSTKEAITAELLKTSPANTSSIFEDHHITPCKPGGQLKFHRKSVLVKRTLSNTGHSEIIKSPKGKENRLKFNAYERKPLGEVDLNSFKN
TOS8,MGTSIVNLNQKIELPPIQVLFESLNRENETKPHFEERRLYQPNPSFVPRTNIAVGSPVNPVPVSSPVFFIGPSPQRSIQNHNAIMTQNIRQYPVIYNNNREVISTGERNYIITVGGPPVTSSQPEYEHISTPNFYQEQRLAQPHPVNESMMIGGYTNPQPISISRGKMLSGNISTNSVRGSANNFRRKFSSSTNLAKF
YOX1,MSQETKMLPSLSSLLSGTEISSSPVSPSFTNPRTSFHLDDRGTIKLPPLNTSINRPRSVESALRHTVTSLHENSSAYGDDMLKHTQSDSALSSQLNSSQETVDESHENLLLTPLNSKKRDYSVSSKKNDILTPLSAAKSIIIPSASKEKRRAFAFITHSQETFPKKEPKIDSKSTTIIQTVSPPSPPLDVHATPLASRVKADILRDGSSCSRSSSSSPLENTPPRPHHSLNRRSSTPSIKRSQALTFHLNPQKKTLTPVKTSPNSRVNKLINSIDHSPSKAKRPVSNPSGSPKRKRKFGFKIVDQQPLKDLDPNAFRG
MATALPHA2,MNKIPIKDLLNPQITDEFKSSILDINKKLFSICCNLPKLPESVTTEEEVELRDILGFLSRANKNRKISDEEKKLLQTTSQLTTTITVLLKEMRSIENDRSNYQLTQKNKSADGLVFNVVTQDMINKLLSGEPLAKKKE
PHO2,MMEEFSYDHDFNTHFATDLDYLQHDQQQQQQQQHDQQHNQQQQPQPQPIQTQNLEHDHDQNKDTIPSSQSRDIANDYDRGSTDNNLVTTTSTSSIFHDEDLTFFDRIPLNSNNNYYFFDICSITVGSWNRMKSGALQRRNFQSIKELRNLSPIKINNIMSNATDLMVLISKKNSEINYFFSAMANNTKILFRIFFPLSSVTNCSLTLETDDDIINSNNTSDKNNSNTNNDDDNDDNSNEDNDNSSEDKRNAKDNFGELKLTVTRSPTFAVYFLNNAPDEDPNLNNQWSICDDFSEGRQVNDAFVGGSNIPHTLKGLQKSLRFMNSLILDYKSSNEILPTINTAIPTAAVPQQNIAPPFLNTNSSATDSNPNTNLEDSLFFDHDLLSSSITNTNNGQGSNNGRQASKDDTLNLLDTTVNSNNNHNANNEENHLAQEHLSNDADIVANPNDHLLSLPTDSELPNTPDFLKNTNELTDEHRWI
CUP9,MNYNCEIQNRNSKNVDNQVSLPPIQVLFNSIEKRSMPELAFSNIEYSHGNLRSSTEEQNYPAPVLLPQHHSIAYPAINSGGTSTTATPTASTVETSKTSSSAMDTQSQYGSSKKSKSASDDAKPCYKSAPIYEIINKEKDAGAQYNRPFSDFVESKSRRLVNSIPNDNANNTPVERVQNVSAYHNTLSATNNTMYDATSTCSTDYELSKRFAHAPVTRRKKLIDRLEELKKLSNPDMN
HMRA2,MRSIENDRSNYQLTQKNKSADGLVFNVVTQDMINKLSGEPLAKKKE
HMLALPHA2,MNKIPIKDLLNPQITDEFKSSILDINKKLFSICCNLPKLPESVTTEEEVELRDILGFLSRANKNRKISDEEKKLLQTTSQLTTTITVLLKEMRSIENDRSNYQLTQKNKSADGLVFNVVTQDMINKLLSGEPLAKKKE
BAS1,MSNISTKDIRKSKPKRGSGFDLLEVTESLGYQTHRKNRGQASEVITKAIKENKNIDMTDGKLRQHPIADSDIRSDSTPNKEEQLQLSQQNNPSLIKQDILNVKENESSKLPRLKDNDGPILNDSKPQALPPLKEISAPPPIRMTQVGQTHTSGSIRSKVSLPIEGLSQMNKQSPGGISDSPQTSLPPAFNPASLDEHMMNSNSISDSPKHAYSTVKTREPNSSSTQWKFTLKDGQGLSISNGTIDSTKLVKELVDQAKKYSLKISIHQHIHNHYVTSTDHPVSSNTGLSNIGNINGNPLLMDSFPHMGRQLGNGLPGLNSNSDTFNPEYRTSLDNMDSDFLSRTPNYNAFSLEATSHNPADNANELGSQSNRETNSPSVFYPQANTLIPTNSTATNNEIIQGNVSANSMSPNFNGTNGKAPSSTASYTTSGSEMPPDVGPNRIAHFNYLPPTIRPHLGSSDATRGADLNKLLNPSPNSVRSNGSKTKKKEKRKSESSQHHSSSSVTTNKFNHIDQSEISRTTSRSDTPLRDEDGLDFWETLRSLATTNPNPPVEKSAENDGAKPQVVHQGIGSHTEDSSLGSHSGGYDFFNELLDKKADTLHNEAKKTSEHDMTSGGSTDNGSVLPLNPS
PDC2,MLSIQQRYNICLMAERHPKWTQLELAKWAYETFQLPKIPSQGTISRLLARKSTYMNCKEHEKDANRLRKISVLDEELPKTPKVWTFEERDVLKAYFSKIPPKDLFTLDEAFLSYNLPLDYAQYEASSIQRRIEVATVMLCSNLDGSEKLKPVVVGKYDSYKSFRNYFPNEPNDPVSQSMLGTKMAKKFDISYHSNRKAWLTSNLFHNWLVRWDKRLVAVNRKIWIVLDDSCCHRIINLRLQNIKLVYTSSNSKFLPFNWGVWDEFKTRYRIQQYQALIDLQNRISKNIQNKNKSERNECIPNGKKCLISFEQSQLTMSNAFKFIKKAWDDIPVDAIKANWKSSGLLPPEMIHLNENVSMAFKKNEVLESVLNRLCDEYYCVKKWEYEMLLDLNIENKNTNFLSTEELVESAIVEPCEPDFDTAPKGNEVHDDNFDVSVFANEDDNNQNHLSMSQASHNPDYNSNHSNNAIENTNNRGSNNNNNNNGSSNNINDNDSSVKYLQQNTVDNSTKTGNPGQPNISSMESQRNSSTTDLVVDGNYDVNFNGLLNDPYNTMKQPGPLDYNVSTLIDKPNLFLSPDLDLSTVGVDMQLPSSEYFSEVFSSAIRNNEKAASDQNKSTDELPSSTAMANSNSITTALLESRNQAQPFDVPHMNGLLSDTSKSGHSVNSSNAISQNSLNNFQHNSASVAEASSPSITPSPVAINSTGAPARSIISAPIDSNSSASSPSALEHLEGAVSGMSPSSTTILSNLQTNINIAKSLSTIMKHAESNEISLTKETINELNFNYLTLLKRIKKTRKQLNSESIKINSKNAQDHLETLLSGAAAAAATSANNLDLPTGGSNLPDSNNLHLPGNTGFF
TOD6,MTLPKLSSVSVSSGHVSANSHGFSILSKHPHPNNLVHSHSLSHTNAKSHLPISSTSTKENSTNKEEKTAVIDINKLFGVYATGDATPSAGTPSAEEAVKEEAVEDEDITAGSSAIEDSPPDFKPLVKPKYMDRKLITQRSTSTFSDHEPQHTKPRKLFVKPRSFSHSITTNTPNVKTAQQTNLSLYNTTSAKTNKAVNSNDYENIGLVPKIIIRSRRNSFIPSTQIPHSTTKTRKNSHSVISSRRSSFNMMHSRRSSFNSHAPTEPISRRASLVVSPYMSPRRLSTSQSVHYHPQHQYYLNPIASPNCKTDHANDKITHTRTFLDMQKFAGRVSGFHTNEGCKDEEEEDDIDPLHKENGINTPSQQSQNYGMLEAKHDNPKSSELSSMTSANDIRNEQDELPGINSIFKNIF
NSI1,MDSVSNLKSTNFQNNNDPKESVEEAVLRYVGVDLKNHIKKTKKKLKKQKKRKHGSKMSHEDEDTDMDWYLKTSGSKDLRKVDDIEPNSVAVAAVAAAYNSSMREKDKRSCHKKSSNSRSERKKHRKRKSSKERKAKIKMVLDPQLTTLDDGITTTAFLPDDLIAETAFDKYVDTEKAYLAKHPSKSLEVNEDDKENNFNNNSSTLVRIYTDLEGIPNDGSYIKRTPKIPEKDVKSDDLILAPEENNGDTALLRSDIVKASVIDGAITKSKREAARIHDFKGRSTAEIIDSLLEQIN
RAP1,MSSPDDFETAPAEYVDALDPSMVVVDSGSAAVTAPSDSAAEVKANQNEENTGATAAETSEKVDQTEVEKKDDDDTTEVGVTTTTPSIADTAATANIASTSGASVTEPTTDDTAADEKKEQVSGPPLSNMKFYLNRDADAHDSLNDIDQLARLIRANGGEVLDSKPRESKENVFIVSPYNHTNLPTVTPTYIKACCQSNSLLNMENYLVPYDNFREVVDSRLQEESHSNGVDNSNSNSDNKDSIRPKTEIISTNTNGATEDSTSEKVMVDAEQQARLQEQAQLLRQHVSSTASITSGGHNDLVQIEQPQKDTSNNNNSNVNDEDNDLLTQDNNPQTADEGNASFQAQRSMISRGAVLPPSIAAKRARNYSSQRNVQPTANAASANAAAAAAAAASNSYAIPENELLDEDTMNFISSLKNDLSNISNSLPFEYPHEIAEAIRSDFSNEDIYDNIDPDTISFPPKIATTDLFLPLFFHFGSTRQFMDKLHEVISGDYEPSQAEKLVQDLCDETGIRKNFSTSILTCLSGDLMVFPRYFLNMFKDNVNPPPNVPGIWTHDDDESLKSNDQEQIRKLVKKHGTGRMEMRKRFFEKDLL
TBF1,MDSQVPNNNESLNRFNDIIQSLPARTRLTICSLCLLDNISTQLLRFLILNANSPNIIAVLTDQTAFLSSGETEIFQTLVKLFKQIRMIYHTRSPLLSVHDVAPGLWFPNSPPPLILRGHEAFIITAIRKANLLTFLLTSLNCLNYGFELLQSIFLDIFCPNTNTVGNNSLEQSGKFLKSQAILYLDLKTQAYIAGLKEFQDETNEISLEKKQELLDLIFPSNLADILVQRRTGDSGDITLLTPSEKDFVERCDRRRENLKIVQDFNSLTQSYEWAQFIRELLDYCNKNMGLIIWGRKGRGKSPLYDFDVNEFDPQVLFSTGTRTVEFMDDQNQPSSASAFLSTARPNHYSTHTPTTDVSSKNPAITQSIVDAAVAASMSNSSSGPHSSHNNSSNSNNNGSIGLKPLPDYLIKVTGNLEKIYKAKKKFSQSPNSSTIMEQNLSQHPSSAASATEDTQTHQEDSHGQNSDNMPSNGLFGNSTSDNTGFDPHLEDGM
DOT6,MSISTSLNSASIHLSSMDTHPQLHSLTRQPHSSSTAMSKNEAQESSPSLPASSSSSTSASASASSKSNKTALIDINTYTGPLKITHGDETANAQQKPSKKVEENVLTEDTAEFTTTSSIPIPSRKTSLPSFHASMSFSQSPSNVTPTTIVSNAASSMPFAPPTLPAALPHHPHQHLHHHPHHKTLKPRSNSHSFTNSLNQDPIVRSNDEEKYGFIPKVFVRSRRSSFAYPQQVAITTTPSSPNSSHVLLSSKSRRGSLANWSRRSSFNVSSNNTSRRSSMILAPNSVSNIFNVNNSGSNTASTSNTNSRRESVIKKEFQQRLNNLSNSGGPTSNNGPIFPNSYTFMDLPHSSSVSSSSTLHKSKRGSFSGHSMKSSCNPTNLWSKDEDALLMENKKRNLSVMELSILLPQRTEVEIQWRLNALSSDADMLSPTHSPQKTLSKKTCPRMFKSGSTTDDDKGSDKEDVMGDGSNDDDEDNVDPLHRAKQSSNKTVFSSSSSNISSKDVSPDPIFSPDPADDSSNTSDAGSRCTITSDTSSSAATMNRTPNSKNPQDIALLNNFRSEAITPRPKPSSTTTSITTETTNNMINHSSSTTTTTNNSPLPSINTIFKDML
REB1,MPSGHNDKNANQESVEEAVLKYVGVGLDHQNHDPQLHTKDLENKHSKKQNIVESSSDVDVNNNDDSNRNEDNNDDSENISALNANESSSNVDHANSNEQHNAVMDWYLRQTAHNQQDDEDDENNNNTDNGNDSNNHFSQSDIVVDDDDDKNKKDAGVGVDDDHQSMAMAAVAAAYTLSKNNNNNNSIANDSNSRKRQHDNGNNHENSQKKRKNNNDDDDRQIGNVDPELTTLGDADDNDTNNDVIDRDQLVHKAIIDADSITQHPDFQQYLNTAADTDDNEKLKHIKDHLMRTHGLNHQNKNHNDDTDDLSNSTKQYSELQKDSMLDSSLNKSRNYMEVLPKVISQDTQPHQQKSPSHDNEAGSVDNSEISQLLQSAATKASSLVSLSSSSATPSTSRSNVKGYKQKSINEISKELVDYFSSNISMKTEN
FKH1,MSVTSREQKFSGKYSSYTAQDRQGLVNAVTCVLSSSSDPVAVSSDYSNSLSIAREVNAYETIISDYCLNHLMPKLLSTYGTNGNNNPLLRNIIEGSTYLREQRLQEEARLQQLDHLHTPLSSSSDVNPIGDPHGDTIMMEEDEEDENYTRGGIRPNTYTSSSNNAVTNGNVPHIENPGASVTRQLQLHMSKFGEIPAPESSSIDPRGIKAQKVKKSLQATSSILGESAPQLQRTQLTGQISTTTSMDVTTNANVNNSSLS
FHL1,MDGEMAIIESSNHVGTSSPTTETQFTIDSSALKDQETKESITNSPTSEVPIETKLPKSSDIVTEEKHPQNTTTDIENEVENPVTDDNGNLKLELPDNLDNADFSKLLEFDAKNDEALFNSNELLSHTMDPVNNIDLTHDHSREVSSKEDINIEPVNPDEDEREKTQDNTAAVKTEGIRNSEDTSIQKDEPTADAIYTDVHKLSVNKDTETLPTLVDEKNNMLHMRNNSITPIMFQQENADIAESEINTRNLKKNEPKSKKKITTGAKPKKAQTKPAVKKEKKPPKIPKKVYIAVAKAQAAQLKLEQQQHKLQQVPQRGKKDIVSQRSNVNARKQNISQTLAANRAASNRKNTASDNQRTMKYLQEQLVILTRDRKGLSKQVIAAILTQALAMTINQVTQAAKNKGITGNPLTALMDKNPQHLNLILAAAVNAATAKVTKGEVKQLVNPETTAAAALAAKAQHSKPIRQPIVQTPHVPDRPPSQLSASASSHPNNYLHDKQPGSFDPSSLSRFFQPRQNARATSSVAATSVPAAASQNVDAQPKPKPAQDNDLESESGTSSSSSSSSESGSESDSGSDDGSASGSGDNSSTSSESESESDSGSEVDEKNNKNEKIDSESIKNNESKDDIPSKDENSSNDNREISKTDEEGHDSKRRKVSEDINEGITEVNVSLEEKL
FKH2,MSSSNFNEMNELNMTQTNYGSTKYTAQHHQGVINAIISSLTAPDQPTTVSLQYSNDKNMATEIQAYAKLDPVVAPICIEHLMPNLINMFGLEGNNNPLLRDIIKQSNYAKQRQLTSNQQIKGFKLYGSGGNAPFGSGANLGPSEQGIFNNNNNSKNKNGYFTSINPNYTASTTTSNTINPQAASPQGPPNTIIAANFVDSYKSSNAYPQALDGSSVARQLQLHMAKFNSLPMEMDYRLSLNMAQPPKRQLQSHNVLEPSNNNIIEGFVQHVPSKGNLPASQQSQPPVSHQNQSQQPPPQEQRQEIQFTFADTQNRNIALARPIKTPQLQAPNSNANLNQNNMKEYKESLHPPAISISQMNRQSPNNALVSFTNACANSKIINNISDSADKSTNNNGGTKMNLPAISTSSLDENGNLEPTTTTSSGNSNSVPQTGTTTSSLAANSLRLSQPYDTLLRSPTKAFHITAMEAYTPERGSANRARSPLHSNSNNTNNNGANNSNLQTSGMENKQTGLVLDSNVLKSMESNNDNRRLTPSTSKSQNVKSSPGVWNLLQFSSTNNTPAADSGGNKRGFSINPDIKAKENENATSEKDSDSNSNDLETKDINSSPLKNQGGSTANAKELILDTDGAKISIINN
HCM1,MMNEDISIIDGHNSFLTEKSTVLLTQAKRTLEDEKEMITPPSSTVRKTMKEVNKRPSHPLSPDHSSPIAPSKAKRQRSDTCARSNGNLTLEEILEFVKDSLQDIGKYFEIDSTLDELEQVESGEGNDDLPDEEEREEAGKFPSIEIQLNSSPILRVSQLHHIPQLKTDNSVLNPHENLESMRNMIENDVNNIDSLEPPYVMKKYHTSLGLPSLVNAKDHFQAGVKNNNITQANRFNTLPITSAKSPQNFRKYFTSFNSNFEDLSPLRSNVGAGSLLDPLPYSPLKLYDQKNLALMSKPQSQQSYSNSQLPPPPSSHGSDLLKTPKMRHSDGLEKTPSRLISTPKDGNSILRKWQTPSHLFEDLYCSPLFRAIETPIRYITTPGGTLETQISPRKSSAPDVLTSATNSKFASSGLFGVDVYSVWKRATEKISDGNNTTDSNQKHHPYHNHPSNDSGNEKN
SKN7,MSFSTINSNVNKTTGDSNNNTTENSSTADLLGMDLLQSGPRLMNTMQPNNSSDMLHINNKTNNVQQPAGNTNISSANAGAKAIPAQRKVLLDESQKALLHFNSEGTNPNNPSGSLLNESTTELLLSNTVSKDAFGNLRRRVDKLQKELDMSKMESYATKVELQKLNSKYNTVIESLITFKTINENLLNNFNTLCSTLANNGIEVPIFGDNGNRNPTGNTNPATTTAIQSNNNTNNASPATSTVSLQLPNLPDQNSLTPNAQNNTVTLRKGFHVLLVEDDAVSIQLCSKFLRKYGCTVQVVSDGLSAISTLEKYRYDLVLMDIVMPNLDGATATSIVRSFDNETPIIAMTGNIMNQDLITYLQHGMNDILAKPFTRDDLHSILIRYLKDRIPLCEQQLPPRNSSPQTHSNTNTANSNPNTINEQSLAMLPQDNPSTTTPVTPGASISSAQHVQQGQQEQQHQIFHAQQQQQHHNAIANARSDVAIPNLEHEINTVPHSSMGSTPQLPQSTLQENQLS
SFL1,MSEEETVSAPAPASTPAPAGTDVGSGGAAAGIANAGAEGGDGAEDVKKHGSKMLVGPRPPASSRNNSSINSRKNSSNQNYDIDSGARVRPSSIQDPSTSSNSFGNFVPQIPGANNSIPEYFNNSHVTYENANHAPLESNNPEMQEQNRPPNFQDETLKHLKEINFDMVKIIESMQHFISLQHSFCSQSFTFKNVSKKKSENIVKDHQKQLQAFESDMLTFKQHVMSRAHRTIDSLCAVNAAATAASVAPAPAPTSTSAYAPKSQYEMMVPPGNQYVPQKSSSTTNIPSRFNTASVPPSQLFVQYQPQSQQHVTYAKQPAHVPNFINQPIPIQQLPPQYADTFSTPQMMHNPFASKNNNKPGNTKRTNSVLMDPLTPAASVGVQGPLNYPIMNINPSVRDYNKPVPQNMAPSPIYPINEPTTRLYSQPKMRSLGSTSSLPNDRRNSPLKLTPRSSLNEDSLYPKPRNSLKSSISGTSLSSSFTLVANNPAPIRYSQQGLLRSLNKAANCAPDSVTPLDSSVLTGPPPKNMDNLPAVSSNLINSPMNVEHSSSLSQAEPAPQIELPQPSLPTTSTTKNTGEADNSKRKGSGVYSLLNQEDSSTSSADPKTEDKAAPALKKVKM
RFX1,MVIFKERKPTENLFTRKIPAKYFIFSPSFLSVHYFEFYLPMSGDNNIEPTSRGSNDNSNGPSNGSSVNSNRYSLNAPKYSSQPPPASHTYLPPMSVNIPPIASKSSSIYSLLHQSSPRPETPNPILPPLIGSGPGSHKPSPTPTQPPAQPATQRQPATYSVYPASISLNRSNSSAYPLSFKSEETLNNNPPTAAKRTNTFPSIPSSTKKQKTSQEKRISSISRRNTQEIIAKQIAENNKSKTIEEYAQIVKHAEIKVLSMDSQNTSKAALQLAEQNRERERQVFVNESGSVSLNNNNASLSLVHNNDPISPLSSPSPSSPSPQVPNVSSPFSLNRKSLSRTGSPVKQSSNDNPNEPELESQHPNETEANKLDSLPPAANNPTGTLSSDELTFTHDLIEKVFNCNDKLSDNYNTQILSNTEHPLLTSYKLDFPKIPAGVLPTDTDSDVISSLESLYHIHCNSVYECIKFLKSDNISNALFFSNSNSISPTMFNLFISEPLIDWVTKCDLITYTGLIKFFSQFIIHSNEISDSIIQKLESMIKLLPEQINKAVLELPKALVQRKLSIINNFTKLVKKLIKLLKFILNFLKSFPIFKSGMNNDWKNIVNLDDILEMMINEDDTNSETNTIMQHLQGFCQVFVTKFLNSSMSVSNDPSVSIECKSLNEMIKDFCSFISLQSKFSCLKLIDCSTRFRNAIIGDISLKSNENLLSWLFLNNVMGQLLNYCFEVMKFVNGLKV
HSF1,MNNAANTGTTNESNVSDAPRIEPLPSLNDDDIEKILQPNDIFTTDRTDASTTSSTAIEDIINPSLDPQSAASPVPSSSFFHDSRKPSTSTHLVRRGTPLGIYQTNLYGHNSRENTNPNSTLLSSKLLAHPPVPYGQNPDLLQHAVYRAQPSSGTTNAQPRQTTRRGSSNNHNSPSGNGNPANGSNIPLDNAAGSNNSNNNISSSNSFFNNGHLLQGKTLRLMNEANLGDKNDVTAILGELEQIKYNQIAISKDLLRINKDNELLWQENMMARERHRTQQQALEKMFRFLTSIVPHLDPKMIMDGLGDPKVNNEKLNSANNIGLNRDNTGTIDELKSNDSFINDDRNSFTNATTNARNNMSPNNDDNSIDTASTNTTNRKKNIDENIKNNNDIINDIIFNTNLANNLSNYNSNNNAGSPIRPYKQRYLLKNRANSSTSSENPSLTPFDIESNNDRKISEIPFDDEEEEETDFRPFTSRDPNNQTSENTFDPNRFTMLSDDDLKKDSHTNDNKHNESDLFWDNVHRNIDEQDARLQNLENMVHILSPGYPNKSFNNKTSSTNTNSNMESAVNVNSPGFNLQDYLTGESNSPNSVHSVPSNGSGSTPLPMPNDNDTEHASTSVNQGENGSGLTPFLTVDDHTLNDNNTSEGSTRVSPDIKFSATENTKVSDNLPSFNDHSYSTQADTAPENAKKRFVEEIPEPAIVEIQDPTEYNDHRLPKRAKK
HMS2,MDATSAATPNVAAVNNMNKQCTFHWDPFKVNSILSKAIGKPSFEKLVKNVDRLQGNLDELKSTNADSLRIIREINASLQTISYHQFHAYQTANFLQENFEAIKKVVCPDSCLQHQQRQPKRPKRYSLLLLIPNASELSETPLMRFAGVFEFMNCSLDTATQWHPQLHPEAYDLLFVTVSPNMQQEHLIYFKRLRNLLPSFPVIAIINRPVSPQDTSIAPSNYSRYYFHHFLQLGFSDILVSPFTPTQLITLLSKHLRT
MGA1,GVGKDGKRKNILSPISVSYVDASRLNVLSQQSGPVSAREPSNMFMGSPVHYSTSQSPPHISIPQQQQSSGPYLISSLPPQQPTVNMMRRQSISARMMNSYDYPNQFSTQDSIVQPQQPQQVLSPQALSGPPMKKSGTLSSTDDLKTTSLPIVNYPMPYHPGAFAQQQQQQQQPLPTVPPYSSYSTPFPSMMNSLSNSASNSPALGVCNNNVTLPKKSNISERQALDNHIQTLKNSLSTITDLIEKHINSASQDENKTLTNDAMNKDLRTSLSLLQNSKEEIIQLESKWMSMQSVKTTALPLQETTNTSSTLTSLTSSIIPKSIPIITKGEVATKPASY
TBS1,MNMDSGITSSHGSMDKTQKQSSEWAANQKHNQRVENTRVLMGPAVPAMPPVPSNFPPVPTGTIMSPQLSPFPDHRLRHHPLAHMMPADKNFLAYNMPRLDKENKFKDENFDIAVRSRNTSSTDSSPKLHTNLSQEYIGVSAGKSASDKEDTWPDFVPIDRTVLEKIELNHTKVAGKVFVLEEICKNMKGTIEKLAEKSKIDVIDKEYMKRPKRKQYSKALLTKQKMFHFRQNVLSHLTDEEFLSPINEMFTTTFKYSILQTKLVLDFSFRSASSPSSDNILYPLPRLAIAKRLLKNIKCPSLASLLHIVDVDQCLQFADVHFDPAKGRLTSSQAFLLNICLCLGATVTNFEEKQELVDEDNHETYYFEKFELWRLRSFTFLNSVYYYHKLSVARADMTALKALLLLAKFAQQKISASSAVKVLSVAIKVALDLRLNLHSTYEDLELDEIIKRRRLWCYCFSTDKFFSVVLSRPPFLKEENTDVLTDESYVELFRDKILPNLSIKYDDSKLEGVKDIVSVVNLLANHLEYVPYIQSYFLSRLSLIESQIYYSCFSIRTTLDDTLDEIIENVLENQKALDRMRDDLPTILSLENYKENMRILSLDSSKLDFEVSCCTTILLHLRWYHQKITLSLFVISIIGDNLDQRESSRHDIAEIIRRSRLDFKRNCIEVLNILKDFEYYPTVQNEFLYFSLTTVFSMFLYLSEIMVNDEHAMETGYIIGLLRDTHTRMLGSEERCLSVHNLKWQTSLFFYTFFLRSTMEKFNLTSKYAKFYAFDSNYYEGVLNRLVKHTRESKDDMVELLKTSFINKEKMAAFGSFVTEDQEKMEVSFNIFNEITIQDLNFLQFSSIPKLWENKTLEPGEEYHHSNGTNTDNNETTGADDTDDNNNNNNNNNKNGNNSSSTINNNNNNYSNSNNNDNDNNINDDDDDDDDDDDDDDDDDDDDDNDDDYSNNGADDDEEDDDYDRSLFPTGLASLLDASYPERTANDYRDENEQSNKLFEKIEGHLEHGVFFYDRDFFFKNVCVKM
ECM22,MTSDDGNAGQEREKDAELIEVGGKKVSKTSTGKVGTDEQSNSPNSVPPSVSNNMENLLLPHLLASLVNNTSNSTNSSANGAEAHNNITQTAPSSMINNNHPNMALPGNSPLSIPITPSFQSTAMNLSSSLNGLLSPGRLNSVTNGLQQPQLQQQNQQIPQQQGTQSPFSNIPFDQLAQLNKMGLNFNMKSFNTLFPYGAANGMASEFQELFGLGKFATSNNRAIKVSTAEEALANMQQEQEDKNKQFTKNPLDNTKTDAVNSGNNPLNGNENKVTASDILSHNKNLIIDNTGLTISPPHTLSKPSIDQNIASPSTGVSNVTSTKSLLSIPDNRTALGNSPTLKTSPMGDLLSNSEALSPRSSNSHTQQQSSPHSNASSASRLVPELVGLSRKSNLNLIDLKLFHHYCTDVWHTITEAGISGPEVWSTYIPDLAFHFPFLMHTILAFSATHLSRTEAGLDNYVSSHRLEALRLLREAVLEISDDNTDALVASALILILDSLANASSSSPTAWIFHVKGAVTILTAVWPLSETSKFYNLISVDLSDLGEAVINQSNHNNDNDNSNNGDGNNNNTISELVCFDESIADLYPVEIDSPYLITLAYLDKLHREKNQLDFMLRVFSFPALLDRTFLALLMTGDLGAMRIMRSYYTLLRGYTTEIKDKVWFLDSVSQVLPQDVDEYSGGGGMHMMLDFLGGGLPSMTTTNFSAFM
GSM1,MTKKLPSELEKHGTQPYLNLGKRLVIHDVPSKTVSPSSVHLQRDFLSSDQEKPGKTPAHNTNIQYTYNINDNFQSAGSIPRITNFNTNNRQTVLENTSNNISASQAVHLMNDPIIPTVRKSTLNLKSHFLEQHKAMQQPLATNCLVATSNVPVHSGMDDSNKSDDDVDDETNIHFDSMWCNDEYMKLKDIVDISTPFLPNNSQIFSLQESEYPNPSASTRGNSSLHLTNLLNSTKSVNDQKDSSIGHSTSTFNTYDEVVSRPFISLDMLHLNRGANANTHPSHNAKLESECDSSSHSDADLEKHDTDFISPSKFRELVKTPQDLYDNKCLIKPHNYKLAYTKLLTTLRKKFLEGAEIDKSASVKDEHSTQKHNLRYDLEVIIRSILERYAPIFISLTSNMIEEDLLLQEVTLQRALLDLENMAKLVSCTPMCIWRRSGEICFVSNEFYSLTGFNKNLLLDRTSFIFEYLDHKSVSNYFQIFNELLAFGYNDINKRKKLLMLNACSSTSSKITEGFSFTTDGKAIFTKCNLLLSNGLYLKCACCWTVKRDSFNIPILVMGQFLPIFEMD
URC2,MDINSNASVSPRPDGLPMTAGYNSASGKVRNSIRSIINHPEDSARAKERSETNSPKNNGNKFSHLNADSPNESQSSFEKNGTVNFDNYMIDKRLSSLEEHIKSLHQKMDLIITTAKMSYNSDIKGPGDDIQNVDFSSNKTYDSRLTSGSETIRKTGEYRKENLFLNGFKLKESPLKLLHDIDERLFPSKATSKAAKLAGQQRPYAVARVNFLHFYENNQELCHKLAKEFLVRSHFWIIPGGRKEIDVEYAHSHLFITSVFTIIAMSFADNDKYAAEQEILYPLVERLLTNTLTMFEKLTAFDIEAILYCCMFHISRKAKRYRQLKFNSLVLSNFALNSLLHVIDFYQIKDRVLVKEVYNPEDLYHLRILNSLTACYLEYSISYGDIREQDDMLKEFNKLVAKFPQANFGDDIKISEINLGDIVNGIFINLKNYFAQCLDDFNNDRYGGNADTFIFVFPELNYWLKNWEELLAKDGAGVLLFTFDFYHIMICRTFITEFSSTLKSNQRFLKLILNTMKEHSFSLLNGFLRLPPTLIRGAPIFTCHQLVYACLTLCDYLYWFDSSERQRVLSLCTKVYWHLSTIGEKMNEATDNVGKIIKSIIDTSKTRINFGSLSKENSDNDKMSTNANNYTGAGNLHAAKPATSPTNVGTLHENLSSSHFMIPDVDQFNSFEDFFQDFFDSLKPNSQKMFTSDKKTEQTT
GAL4,TRAHLTEVESRLERLEQLFLLIFPREDLDMILKMDSLQDIKALLTGLFVQDNVNKDAVTDRLASVETDMPLTLRQHRISATSSSEESSNKGQRQLTVSIDSAAHHDNSTIPLDFMPRDALHGFDWSEEDDMSDGLPFLKTDPNNNGFFGDGSLLCILRSIGFKPENYTNSNVNRLPTMITDRYTLASRSTTSRLLQSYLNNFHPYCPIVHSPTLMMLYNNQIEIASKDQWQILFNCILAIGAWCIEGESTDIDVFYYQNAKSHLTSKVFESGSIILVTALHLLSRYTQWRQKTNTSYNFHSFSIRMAISLGLNRDLPSSFSDSSILEQRRRIWWSVYSWEIQLSLLYGRSIQLSQNTISFPSSVDDVQRTTTGPTIYHGIIETARLLQVFTKIYELDKTVTAEKSPICAKKCLMICNEIEEVSRQAPKFLQMDISTTALTNLLKEHPWLSFTRFELKWKQLSLIIYVLRDFFTNFTQKKSQLEQDQNDHQSYEVKRCSIMLSDAAQRTVMSVSSYMDNHNVTPYFAWNCSYYLFNAVLVPIKTLLSNSKSNAENNETAQLLQQINTVLMLLKKLATFKIQTCEKYIQVLEEVCAPFLLSQCAIPLPHISYNNSNGSAIKNIVGSATIAQYPTLPEENVNNISVKYVSPGSVGPSPVPLKSGASFSDLVKLLSNRPPSRNSPVTIPRSTPSHRSVTPFLGQQQQLQSLVPLTPSALFGGANFNQSGNIADSSLSFTFTNSSNGPNLITTQTNSQALSQPIASSNVHDNFMNNEITASKIDDGNNSKPLSPGWTDQTAYNAFGITTGMFNTTTMDDVYNYLFDDEDTPPNPKKE
SUT1,MSTSITVRNRDRSLPPLLLPNVSLLEKDIRRKGTQNVGITDPELLSTTWTRKRAFPTDELLGGYKRLKPAAADSNECAIGIATVTPPPTLPVSAIVPPPQNYTPPLFEYHPHALASMVNEDANASCTQMSIISRSTSNSTTSSATSTSSIILLQDDTIMPMISNKLRYVLTPDDIRLYRGTLLRNIAIPDDVIEGTGSRKLIKHIDKLVLLTPCLPCIKKKHSSSSTNFPKNDKCTFSKGFTRADINISSKISLKFKDKTIYDITYDDYKSIDF
RDS2,MSANSGVPSQHESSPNDNNIQGKYANKAHTGIPSDYQNEPVNKSGSTYGEELSPKLDSSLVNDTTSLLLPQQPVFVSENVGSEFSSLNEFLSMLENPLLTQTSLSSSSASNVHLENGSQTTQSPLEYQNDNRRDEIGVARQENRSPTIMSGSSNSISKGDKQDQEKEESRILANANENSAPTPKEQFFLTAADPSTEMTPEHRLKLVINAKLEAGLLKPYNYAKGYARLQDYMDKYMNQSSKQRILKPLSTIRPAFRTIARSLKDVDLVLVEESFERMLLSYDRVFTSMSMPACLCRRTGEIYRANKEFASLVDCTVDDLRDGKLAIYELMTEESAVNFWEKYGSIAFDKGQKAVLTSCSLRTKDGIRKRPCCFSFTIRRDRYNIPICIVGNFIPLS
RSC30,MMDMVPSASGMSTHGNGQGSNHFSQGNGVNQKNVMIQTQYPIMQTSIEAFNFSFNPSVDTAMQWTKAASYQNNNTNNNTAPRQNSSTVSSNVHGNTIVRSDSPDVPSMDQIREYNTRLQLVNAQSFDYTDNPYSFNVGINQDSAVFDLMTSPFTQEEVLIKEIDFLKNKLLDLQSLQLKSLKEKSNLNADNTTANKINKTGENSKKGKVDGKRAGFDHQTSRTSQSSQKYFTALTITDVQSLVQVKPLKDTPNYLFTKNFIIFRDHYLFKFYNILHDICHINQFKVSPPNNKNHQQYMEVCKVNFPPKAIIIETLNSESLNNLNIEEFLPIFDKTLLLEFVHNSFPNGDTCPSFSTVDLPLSQLTKLGELTVLLLLLNDSMTLFNKQAINNHVSALMNNLRLIRSQITLINLEYYDQETIKFIAITKFYESLYMHDDHKSSLDEDLSCLLSFQIKDFKLFHFLKKMYYSRHSLLGQSSFMVPAAENLSPIPASIDTNDIPLIANDLKLLETQAKLINILQGVPFYLPVNLTKIESLLETLTMGVSNTVDLYFHDNEVRKEWKDTLNFINTIVYTNFFLFVQNESSLSMAVQHSSNNNKTSNSERCAKDLMKIISNMHIFYSITFNFIFPIKSIKSFSSGNNRFHSNGKEFLFANHFIEILQNFIAITFAIFQRCEVILYDEFYKNLSNEEINVQLLLIHDKILEILKKIEIIVSFLRDEMNSNGSFKSIKGFNKVLNLIKYMLRFSKKKQNFARNSDNNNVTDYSQSAKNKNVLLKFPVSELNRIYLKFKEISDFLMEREVVQRSIIIDKDLESDNLGITTANFNDFYDAFYN
PPR1,MKQKKFNSKKSNRTDLSKRGDSPNIGVDPTKIRGNIPATSDDEPFDLKKYSSVSSLGEEGILPHNGLLADYLVQKGNSMASSAITSKSMASPQTINVQRKEFLVNSKKQDGSALLPETGSPMTSDARAEELRRCNKEISALGTMRESSFNSFLGDSSGISFAKLVFTATNFRQDSGDDVLDEDIKQREQKYNGYAEAENNPHFDPLELPPRHAAEVMISRFFVDTNSQLPLLHRELFLKKYFEPIYGPWNPNIALASDQTGINSAFEIPITSAFSAHTEPKRENVTEKIDVCSSVDVPWYDTWETSQKVNMRPIVELPTKFHIPYFFLNIIFAIGHATQVLKSDITTVATYKRRATKYIASLFSSSDRLEALAGTLLMVIYSIMRPNVPGVWYTMGSVLRLTVDLGLHSEKINKNYDAFTREIRRRLFWCVYSLDRQICSYFGRPFGIPEESITTRYPSLLDDSFITLTNREIDDYSDLPSPNPSSKVIALAMYKIRRIQASIVRILYAPGAELPRRFMDLESWRIETYNELERWFQVDVPKNFEMMNCKFNSIWFDLNYHYSKSILYGLSPKFPTLNDTAFKIVLDSTKGTIDVFYNLCVNKKIGYTWVAVHNMFMTGMTYLYVNFYSKNNINDCQEKVSEYTEKVLIVLKNLIGFCESAKTCYTSYKILSSVVIKLKFMQINDAKGIFSDSNPLTSQANRMSSYDKKTNVLGFDDGTFDNKVFNRTNFEEKAPFDIPLDEFFTELEKHSNVSQFNTLDVSEGNQVINESASTNTSSALNCQSYTNNQDIMDILFQVTSGSVWDEFFVRSGNGNEGESSYDISKGKNSESGGIF
PDR8,MDGSHFPMKSTTGEPVSSGKNTELFEQVPNVALVQKIENLQTLLKENDNNNAKPVYCRSSENPLRSLRTSVLGDNGSRYVFGPTSWKTLSLFEQNKFQTEFQNLWKVLKPLPECTKSQLNENDVVADLPSFPQMESCIKSFFAGPLFGILHIFNQDDILSLLDRLFIRDTTDKNLVILLDLQGNAKDKYNLGIVLQILCLGYYNQDIPSSVSHFLHTLSAASLSSSSSNFVEKLQFFLLSYISVMINCTDGVWDATQGVDLINELCQGCISLGLNDIDKWYLNESEETKQNLRCIWFWALFLDVSTSYDIGNPPSISDDLLDLSIFTAQNFQSPSIDFRRVKLMHDFLDVSRFTTREIHKREMNEKLTTFSLRLIEFIQSNFSPIEHYTNSVYYSDIDPFDILILSRSLSIVASIYNIEMIIAQQSRIIDKNRMVQFLLISISVCVNTMVFHFKEPINDQENVLTEGLKLSIILINPLLIRIVSQVYSLAFNRLIFREKAFLFLIDLDTGKKIQFIKYEEENFDELLTGFDVRTDKFLSFSGTIIRFYEIIDSIFAVNERNKRLLKAVSNFYQLTSTLAFERVSRVLFDKASQARIETEKIWLKKGINMEHFSDLMIEDFINDVWKTFKEISKDLWSIDKKKFYKQYHFDL
MAL13,MTLTKQPVIYKRVPKKLIDQCLRLYHDNLYVIWPLLSYDDLHKLLEEKYNDNYVYWFLTALSAATLSDLQTEIKSEEEVTFTGKQLSNLCISSCQQFDDLDNSNIFNIMTYYCLHRSFAQISNARTSYRLCCEAVGLITVAGLHREETYGSLTFEEQQLRRKLYYLLLMTERYYAIYLHCATSLDATIAPPQLELVTDPQLSMDSFLEMIRVFTVPGKCFFDALAADSTDASCTEESLKKIWNELHTTSSEIEPWSNGYIDISFSRHWIRILAWKLAYQMRGSNFSLNANNGQIPIEIARDMLIDTYLTPENLYDVHGPGVPVKTLEIATALVDIVGQYDHNMKLEAWNVLHDVCKFAFSLNHYNNDMLKRFSTKCQNALITLPISKPLQLDGYPKDNEDIDP
RDR1,MASPGSTALSRPFVLPGIHRNEQPQPINTQNVTSQNIVDPTKSRYTIQHSAVAFPRCLGLELRSTNPPRLHSFAWHCGIRPEENPNSHVLLSDLVTKEEYYRISKVYFSVVHPIFDVVNPEQLAKNVEKYWDGDVKTLEYGAVIAGVIALGSFFMGSLGHPREMDIVQYAKGILDDPTFSRIPTVEQVSAWVLRTIYLRATSRPHVAWLASCVTIHLSEAIGLHHEIDREDIAISNNVPPKRTTVVSEHTRRLFWCAWSINTILSYDYGRSSVTLNRITCKPVKETDGNFTAHLVALAHLIPQDSVNANAAQLLQALAAVHESPNAHPFLSLTKGDICLSLYRRLRLLNHILDKNVVLQIIDIGNTALSAAYALVKLDQAWWNVLSTSFQYVCVLLAIDTPESLSHVATAMKTLDNITQILGTRIAFEAQKTAKLLLEDSMKKKRQEIQQLEQATHQRSNLETTHLLDIDWDALLDPSDTLNFM
HAP1,MSNTPYNSSVPSIASMTQSSVSRSPNMHTATTPGANTSSNSPPLHMSSDSSKIEKELLKDNELKKLRERVKSLEKTLSKVHSSPSSNSLKSYNTPESSNLFMGSDEHTTLVNANTGSASSASHMHQQQQQQQQQEQQQDFSRSANANANSSSLSISNKYDNDELDLTKDFDLLHIKSNGTIHLGATHWLSIMKGDPYLKLLWGHIFAMREKLNEWYYQKNSYSKLKSSKCPINHAQAPPSAAAAATRKCPVDHSAFSSGMVAPKEETPLPRKCPVDHTMFSSGMIPPREDTSSQKRCPVDHTMYSAGMMPPKDETPSPFSTKAMIDHNKHTMNPPQSKCPVDHRNYMKDYPSDMANSSSNPASRCPIDHSSMKNTAALPASTHNTIPHHQPQSGSHARSHPAQSRKHDSYMTESEVLATLCEMLPPKRVIALFIEKFFKHLYPAIPILDEQNFKNHVNQMLSLSSMNPTVNNFGMSMPSSSTLENQPITQINLPKLSDSCNLGILIIILRLTWLSIPSNSCEVDLGEESGSFLVPNESSNMSASALTSMAKEESLLLKHETPVEALELCQKYLIKFDELSSISNNNVNLTTVQFAIFYNFYMKSASNDLTTLTNTNNTGMANPGHDSESHQILLSNITQMAFSCGLHRDPDNFPQLNATIPATSQDVSNNGSKKANPSTNPTLNNNMSAATTNSSSRSGSADSRSGSNPVNKKENQVSIERFKHTWRKIWYYIVSMDVNQSLSLGSPRLLRNLRDFSDTKLPSASRIDYVRDIKELIIVKNFTLFFQIDLCIIAVLNHILNVSLARSVRKFELDSLINLLKNLTYGTENVNDVVSSLINKGLLPTSEGGSVDSNNDEIYGLPKLPDILNHGQHNQNLYADGRNTSSSDIDKKLDLPHESTTRALFFSKHMTIRMLLYLLNYILFTHYEPMGSEDPGTNILAKEYAQEALNFAMDGYRNCMIFFNNIRNTNSLFDYMNVILSYPCLDIGHRSLQFIVCLILRAKCGPLTGMRESSIITNGTSSGFNSSVEDEDVKVKQESSDELKKDDFMKDVNLDSGDSLAEILMSRMLLFQKLTKQLSKKYNYAIRMNKSTGFFVSLLDTPSKKSDSKSGGSSFMLGNWKHPKVSNMSGFLAGDKDQLQKCPVYQDALGFVSPTGANEGSAPMQGMSLQGSTARMGGTQLPPIRSYKPITYTSSNLRRMNETGEAEAKRRRFNDGYIDNNSNNDIPRGISPKPSNGLSSVQPLLSSFSMNQLNGGTIPTVPSLTNITSQMGALPSLDRITTNQINLPDPSRDEAFDNSIKQMTPMTSAFMNANTTIPSSTLNGNMNMNGAGTANTDTSANGSALSTLTSPQGSDLASNSATQYKPDLEDFLMQNSNFNGLMINPSSLVEVVGGYNDPNNLGRNDAVDFLPVDNVEIDGVGIKINYHLLTSIYVTSILSYTVLEDDANDEK
RGT1,MNELNTVSTNSSDSTKNGGTSNSPDDMDSAAAASHAISGDNGINSNTVPSTPSRSNSVLLPPLTQYIPQAGGIPPSFQNPAIQSTMPAGNIGQQQFWKVPYHEFQHQRKGSIDSLQSDISVRTLNPNEQLSYNTVQQSPITNKHTNDSGNANGSVTGSGSASGSGGYWSFIRTSGLLAPTDDHNGEQTRRSSSIPSLLRNTSNSLLLGGQPQLPPPQQQSQPQAHQQKLQQGQNLYSYSQFSQQQPYNPSISSFGQFAANGFHSRQGSVASEAMSPSAPAMFTSTSTNPVNVAQQTQRPQGQQVPQFSSELDGNKRRQSAPVSVTLSTDRLNGNENNNGEINNNNGSNNSGSSKDTSQHSQESVTTPAALEASSPGSTPQRSTKKRRKSYVSKKTKPKRDSSISITSKDSAHPMTTSSTIAYGQISDVDLIDTYYEFIHVGFPIIPLNKTTLTSDLLLVNTQPISNIHEVNSYVILWFRNSLELLVRVALKQKPGGKFFDNIVGVALSPSNDNNKAGFTTATARDDAEKTRRDSHNEVQDTLEVQSVFIAALNECFQKIVDIHPKFRENNDQISPKIKVIYLSTFILLNYILAFVGYDNSFVLGMSVTIFNEFKLYKLLLFPEPDINDVKPPVDEEVSTGNGNTKTSEFEIGSESAGHMNPSNSPNSMDENISHYSVLFKRLYVLLSVFDSLQSCAFGGPKLLNISIQGSTERFFSNDLGSKWCLEQSQLRLKSVLQSLKLGELMSELTRNRISMNGNRKPGFDITNSSSLLSEYVETQPLSVAQLFCKLLIGKHNFINCLLSLYDSEAGVYSDLTLDLSSKIADSLCSLISIILQVLTLILRLNPTNSIDFNYRPPNPPANNPTVQEGPSAMGSSPVAGNLSAAPPSEGNPDFYKKLLGLKQDTGTILSDLCRGIISPFAIAILHEVYNITELVKQMPTSLISIMMTATTTQNTQDTKKSQDLVMKLSNSMNEVVQITSVLTMIKPFKIFEHELNKPIMSLTGGLSSTTRNDVMWPKSGQGLRESSVMKTLLDERRTSGTQPTTAPVAAEEPRLENVALENFVSIGWKLLDDSELGWY
PIP2,MYFTDESSPAMNRVRRTCKSLQENSFPISLYKTHPRLIMTKVMKREINPLSEKYLIFQDTFLKTLIASVLLSCSRNSMIPALNADISRSRTQPCVKNNVVKMREVLLKNSKYESQRKSINEFTDRLLQRKNPEEQIAVNKVISLLYSNRESSYLEDTCPTENDYSDLLKGYINEIEKTLPPKAIIEQYLSHFFEHIFHLIPFASKEMLEESIHTTVQYNELGEVRLSMGTTLIRNKMENLCILLLILRIAYISLTFIEDKIEDYSPYITKEMLEQYPIQSEVIFLAQQILASENWCACANENTISCLLYIWCAFVFSPTEGDFLLEQPSDVIINLVILIGTSIGLHRDPSDFPALNHPEASDKRLLNLRRIQWLSIISMATLESSLKGRLLVSPLSMIDLFIDVRDPNCVEIYKKRVKKDLTGSESDEQLLEIHEIFFHRAQLALFLSDLNNITISYSGSVPMDTLETLRVKANELLKNKFQLRSVDINIYDEEKTFQKLTFNSILNSISLSGQILGKLMMLRASIALMLYFETLAMERSECLSFFYKYFFQCCADTISLIRFFFLYFNGSYEKVLSSLVCFITTKVIQLAVPTTMFTLLVIIMRVELAKNMLLVKCNECNARGDISDLPEIKEKIKSLDTIKENFERLLLEVYLLASQNLRFKYFYIFKMLTLFDVFIQRLRKGQLFSGLFVKVDKDLTTKKIATMLELTLGINLDKSDHLIDRLKGKNLTVNFTLDQLYQIIKEFDRIKNIGVADPQNSLNPSKPNMKDNTPTIELLLNSSVENESVPPYSSSNDPTNVGNASTYSLAHNISNQNNEENMPPSIGSSESNRAAPNLNFMPINNNYNNSGSNINNNDNVKLPSNFKNYYDPPMSSLDISMDVPDIFGSLDFFDYDLLFQND
SIP4,MAKRKYGRSYSLDDTDSCSNKVLIVPTGQSSSNAITDFTFYCFDNYNTQSENQRFLGHLTWNILTNTFPTQKAVVFTDDRNNIDLQLQLLTNFLNLNGDFNHLPNFLLLKYDYNLQFLKNLLSVIIKDFFKRQNSLLLLLYPTNLWKNLLLDKINSTAMTGEPITLLALLYIIQFTWSCFDDFKLFKVTKLIVSLTTNSKLDLKVLQLVNLSIFYFMGASVDSCKSKSSLTEHSNVNSVIWTNDLLNLNFTNILNMGLYINPKNLIPISGNNNNNKSNEEDDRIVTFWCFQFLSSWWSLIQGLPKSNFLTEEFQPKSISVLEIPRLKPFEILLNFIIYSLDGCNLLNISSLNVSDPNFQFFQNELESFKKNLLLWNLYHNLSDHDNFRFLTSSSNKKLTTNLLLKNLTGLNHKLNQPDFVEIQLTLFYLSLKLMTLKEGDQDLKKEDISLEILSLYFLILTDDSNNDDNQQLQPQQLNLYHFTPFNSIDIIDLCLNNLNNWSLSLKYESGQNQPHSSKIKFEKFQNFLNHWCPIWYYDEFSTNPFLQILKINFKLLPFETIHYSQEEQRLLISLNKLRYLDAVSSFNSSSVKSNFASKVNTQLNLLQHSSSNSNFLDASPYDFNKIFMNNFENYDYETDEGYAEDDDEEDSDSDNSLPLEIPFKKSKNKCKNRNKELSQRLSLFENRDSNSVDFNTDTNLNLNPDSPSVTSSKKKYLDHIILDNRDIVSNHDSSKQKFKIQNILNSTF
ARG81,MGISSKNGPKKPMQFDPYGVPIPQNSPATTTNLSGSVDEPQYQRRNIDFVRYDEEYVYHEDMDDELTMLHTPPIEKISDNKTWIIKKFGVFKGTDKIDKQYAPRKKRNRKRVAKSLESSASISLSSLPSSSTISFPIRHIEDKLRNKGHVKTGILSANDGVPPTPNLLDYDWNNLNITGYEWISSELRDDALLSAVTLQGHHLGHTQPQEISLEENSNVVSGEEHVNAKEHGCAFEADNQGSSTLPNKAASANDKLYQQNLKLLFQKNSSNSEEPDPQALIDDVFVNIEPRSLPASDLNKITLAPPNEESRMPKSMLELTSYSSDLPPELVDIIPKTDLTVHGLARFLLNHYFNNVADKMTVVVLEKNPWKTLYFPRALMALGDLAGLGQSSNSRNALLNALLAVSCFHLQSKYPRNYKLQKYFLGLGIELRNQASNFLRLCLNTKSSIPEKYKDVLTAILSMNSIDVVWGTMADCQDHLALCEDFVESRMKLRPNISEKTKTLHRIFSFLKLIQDSTALDKVRAKEIVILPSEEDDNYKPLDTSNATTSSSEPRVDVVQEGLFREALNENDGKIHIEFVKEPITNVSADSTPSSTTPPIFTNIATESYYNKSDISKLVSKTDENIIGTDSLYGLPNSLILLFSDCVRIVRHNEYYNLTYLPVPRKFNELSLNFEKRLLKWKSEWNFHQENSEGKSFINSTAEALYHHTMSFYFSLIIYYFTMARSLNCQFLQNYVAKVLDHLNAMEELVDQKKVKIVPLIWQGFMAGCACTDENRQQEFRRWAAKLAESGVGSYWGARQVMLEVWRRRKEDEPGDNWYSVYKDWEMNLMLS
PDR1,MRGLTPKNGVHIETGPDTESSADSSNFSTGFSGKIETDSSSTSFSNPQRCTDGPCAVEQPTKFFENFKLGGRSSGDNSGSDGKNDDDVNRNGFYEDDSESQATLTSLQTTLKNLKEMAHLGTHVTSAIESIELQISDLLKRWEPKVRTKELATTKFYPNKSIETQLMKNKYCDVVHLTRYAAWSNNKKDQDTSSQPLIDEIFGLYSPFQFLSLQGIGKCFQNYRSKSKCEIFPRTAKETIYIMLRFFDVCFHHINQGCVSIANPLENYLQKMNLLPSTPSSISSAGSPNTAHTKSHVALVINHLPQPFVRNITGISNSELLSEMNNDISMFGILLKMLDMHKNSYQNFLMEITSNPSVAKNTQSIDVLQEFIHYCQAGEALIALCYSYYNSTLYNYVDFTCDITHLEQLLYFLDLLFWLSEIYGFEKVLNVAVHFVSRVGLSRWEFYVGLDENFAERRRNLWWKAFYFEKTLASKLGYPSNIDDSKINCLLPKNFRDVGFLDNRDFIENVHLVRRSEAFDNMCISDLKYYGELAVLQIVSHFSSSVLFNEKFTSIRNTSKPSVVREKLLFEVLEIFNETEMKYDAIKEQTGKLFDIAFSKDSTELKVSREDKIMASKFVLFYEHHFCRMVNESDNIVARLCVHRRPSILIENLKIYLHKIYKSWTDMNKILLDFDNDYSVYRSFAHYSISCIILVSQAFSVAEFIKVNDVVNMIRVFKRFLDIKIFSENETNEHVFNSQSFKDYTRAFSFLTIVTRIMLLAYGESSSTNLDVISKYIDENAPDLKGIIELVLDTNSCAYRFLLEPVQKSGFHLTVSQMLKNRKFQEPLMSNEDNKQMKHNSGKNLNPDLPSLKTGTSCLLNGIESPQLPFNGRSAPSPVRNNSLPEFAQLPSFRSLSVSDMINPDYAQPTNGQNNTQVQSNKPINAQQQIPTSVQVPFMNTNEINNNNNNNNNNKNNINNINNNNSNNFSATSFNLGTLDEFVNNGDLEDLYSILWSDVYPDS
CEP3,MFNTNIGLYKTKQRDLTRTPANLDTDTEECMFWMNYLQKDQSFQLMNFAMENLGALYFGSIGDISELYLRVEQYWDRRADKNHSVDGKYWDALIWSVFTMCIYYMPVEKLAEIFSVYPLHEYLGSNKRLNWEDGMQLVMCQNFARCSLFQLKQCDFMAHPDIRLVQAYLILATTTFPYDEPLLANSLLTQCIHTFKNFHVDDFRPLLNDDPVESIAKVTLGRIFYRLCGCDYLQSGPRKPIALHTEVSSLLQHAAYLQDLPNVDVYREENSTEVLYWKIISLDRDLDQYLNKSSKPPLKTLDAIRRELDIFQYKVDSLEEDFRSNNSRFQKFIALFQISTVSWKLFKMYLIYYDTADSLLKVIHYSKVIISLIVNNFHAKSEFFNRHPMVMQTITRVVSFISFYQIFVESAAVKQLLVDLTELTANLPTIFGSKLDKLVYLTERLSKLKLLWDKVQLLDSGDSFYHPVFKILQNDIKIIELKNDEMFSLIKGLGSLVPLNKLRQESLLEEEDENNTEPSDFRTIVEEFQSEYNISDILS
UGA3,MNYGVEKAPDSAQKAAVATRTRRVGSDEQDNQVYLSKPLEDCISQKLDSMGLQLYNYYRSHLANIISIAPMNQNYYLNIFLPMAHENDGILFAILAWSANHLSISSSNELRKDEIFVNLANKYTYMSLSHLKTNEGSSACAKLGFLYSLAQILILCGSEICQGDVKFWKILLNIGKNLIENHVGKDVSRILTTTTEEPSLEERIIFPNFNSVVKYWLIVNFIYHDILNFNTTSFPIEQYEKFFQRDQNSLPSSANFIESIDSPIEEIDPLIGINKPILLLLGQVTNLTRFLQTMEQEEMLEHGDKILSLQVEIYKLQPSLMALEHLDDEKKFYYLELFEIMKISTLMFFQLTLLKIDKDSLELQILRNKLDSKLDKVIGTFLEGSLCFPLFIYGVCIQVEDMEKKIDLEAKFDDILKRYKCYNFQNARLLIRKIWQNEADGISEHDLVHMIDELDYNINFA
ERT1,MCTPDENDYKTSTDPDTSANTNHTLEKKKRKAGIPNRELPMNIQPDLPPRKIMIPIYNNSSNSSLNVNNMGEQQKFTSPQHIVHKAKFLSNAADSEYSILSNIIYQDTLSNKIPIDILYSNTNSTSNSTIGNSSNNSPTGTNTSPEETEMEKIRQLYSEQRANIPPHPYPSSNQNVYSILLGPNSAKIVASQVNLFANHFPLVPVDSADNSLNFKRLLPRDPSEKSSQINWDSSINQYYLNSETVTFPELAIPLKRRKNHLVSVSLESCSPDAANIKSNVEWEHSLRYSTPMEIYTSINAPFSHTPGFHHLLVYLKHRFNQQDLVKMCRSIAEFRPIFIACSVTLTEEDMIFMEQCYQRTLLEYVKFIAQIGTPTCIWRRNGQISYVNEEFEILCGWTREELLNKMTFIVEIMDDESVRDYFKTLSKVAYRDFRGSEKMKVCRLLSPIKGKIIHCCCMWTLKRDVSGLPLMILGNFMPILN
THI2,MVNSKRQQRSKKVASSSKVNIYKVRKHSLISSLQARKSKSKPLCQKISKSRFKQMTHFRQLSPPTSDCEDSVHEASKETTLPNDNTFTISVRRLKIYNNAVASVFGSMTNRDYTQKRIDKKLDELLNMVENDISVVNLNCSKHGPYSVFRANPAAVTSALTDQLPSPGHSMSSAEETTTAALSSPPEDSTSLIDIIQGKIFGILWFNCYGNMILNRQEYTTWFINKMRNSLTTEFIRFLGKIIDDPDINMASCLFKECIARWSCVDWQSIAITMLVIIHGYTCPNLTKLLRVWFLQQKLLRFSMYPLVNFIINNTQDLDVLYHCNGLLGNADLFEDPYQDELTSELHVLVTERLVNSWKDTILQQLCSCQDTTLSCSQLRYWQLQLKCNQQFYKDVYAMQD
CHA4,MMLEPSPPPLTTTVTPSLPSSLKKSVTDNDQNNNGDAPNEKILKYGETAQSALPSSESNDENESDAFTKKMPSESPPPVGTNSIYPSNSLSIIKKKTDGSTRYQQQQVSLKNLSRSPLILRSLSLFFKWLYPGHYLFIHRETFLSAFFGDTNTKSYYCSEELVFAIAALGSLISYKSETELFQQSEVFYQRAKTIVLKKIFQLEDSSLAESSSSSKLAIIQTLLCLAFYDIGSGENPMAWYLSGLAFRIAHEIGLHLNPEAWSNVYEDELSIMDFEVRSRIYWGCYIADHLIAILFGRSTSLRLSNSTVPETDELPEIETGIEEYIYDPKVILSTANPLKKLIVLSRITEIFASKIFSPNETLLQRSEYLAKFNLEVYNWRRDLPPELQWTKRSLMEMTDFNPTIAYVWFHYYIVLISYNKPFIYEIKQSRELVEGYVDELYYLLKVWKNKFKTFEKATIYMIYSAILAIQCMKSNLIKKDRKQDFLNFLSAPTLNYELARKFIENSEDALHNSETMDLLGTLSHGNDFALEYNFDFTLLNEIDMLIGGNTNDGLSK
EDS1,MSHHVPNLYGTPIRDPHERKRNSASMGEVNQSVSSRNCERGSEKGSDNDPLQYRPRTHSYPMNSGNNYLPSLARNSSFPSISSLFVPSITAQSQQFVKVPYDDIKRRSSLAILGSDSSISTEFGGNYRLDENLNVRQEGKDIVAKGMITPVEEMGACSSNVRRQGSQSLPIQEQRASPYINPFISGRSRLSSLSYTSEATTSEGNTQGKNQCMLTPNSVRSIEKERLNSLTAGFPNKKLGTDGRSDKWDKNSTWKPVYRSSNPSHPSTEKNVSLNQEASAKPLMLGTYRQFDATSFYKVLGIYYNFFHINFPVIPINKSKFTDMLDPEKPNVIDEIRQINNEIIQCFKTALEVLVFCKIKQRRSSKSTKSWSRDSLCDFQKGLYYIQNFNKCIADCFQSLITIKPVLKQNSSVIPSRIKFIYFSTIIVLNFILILAGEESSLLLGPSVGVFNEFQAHKLFLPFQNTSPMLLLNSNEESGDEILDYAVLFKRLYILLNILDTLQSFRLGQPKLINLNFGSAIETYFSDKTGHNQVVEKAPVALDNILRNLKLGEFITYFVLNRKSLQVNVPHHLLFTNQTDYGEFAVEKGEHDNIAGKFETLLKKKEILIRKLLNIEQKNDHILENCCNSDAEMKNIGELVCSMITLVSGILDSITNMNAENSVDLDSKPLPNAYFAQDSEEELMSPTQSITSNLASEENTRCTTKDLMGTVSIFMLPMVEECYNIISLIGPIPTTLISLYIRNGNMAKGINDRIMTLSTALNELVQITALFNTLEPFRKNAHDRAKRYYVSATSSTGCYESVMKSMYSGKCAASNASNVAPSEEENKKILKKFADIGWKLMDDSELGCCCCFFN
PUT3,MVTDQGSRHSIQSKQPAYVNKQSTKYLQQLQKDLNDKTEENNRLKALLLERPVSVRGKDNSDDDERHINNAPSSDTLEVSSAPAAPIFDLMSNSNTASDNDNDDDNSNRITNNRSYDHSLEKYYKKAISIFKQPANANGENGNGANGHEDDDEDDEEISTNFAQRSGRLIESHNGFHYFVGSSSMTLFGLEIQSLVTKYISVKNFRPLPINTKNKILNSNLNPAISSFINSNNYLFSSYNFLNPISTIVNLNSINDNLSPLMFKIILKSDTDGSSGQEEVIQFQLPSYNYTKLLIDCFINYNDGCFYFFNEGLVKCGINKLYLENKWLYYDNTKKALDNENDPILQAVWFCKILLILAVGEMYLGSINNEMLKNYSNQPKLPGSKFFQMGSKIFNCLFSSERLENVTKKGGIEVLLLYAFFLQVADYTLASYFYFGQALRTCLILGLHVDSQSDTLSRYEIEHHRRLWWTVYMFERMLSSKAGLPLSFTDYTISTALPADIDDETIEEKNSHYVFRKAELISNCVTIVKINAQILSKLYQRQPETNIIITLKVVIKQLLEWRNNLSDSLQVDFTQKDEDFKISRLSTNMFTEYFQGINLAVRPLLFHFASIQLKRFKTSNTFVNLQNYSATISSLLTCSLHASVNTIRSLWSLLQNSMLAMFSYMDREYLFTSSCTLLLFNTAFGIHEQTLYHLDHSLEIFTQMRNLGNIPAGLRRAQLLTLMANLDFHGIMNDLITKYNDILKFDSMNCENDNIVEDSNEPKRETEKCKPHKDGDRIDPSIIDCDKSNTNTNMIKNESISNIVSILPEGAKPTLTDYSNGNNDVNDINVNNSEPSTFFDIITASLENSYQTTLTEKGSQVMEKNMDQLDSVHNLNDDDLQQLLEDLGNIDHSDEKLWKEITDQAMWLGNTMDPTAAAGSEIDFTDYLGP
MAL33,MKAKMFIDNKSCTAAAEILMKVPKKVIDQCLRLYHDNLYVIWPLLSYDDLHKLLDEEYNDHYVYWFLVALSAANLSDLQSELESEGGFSFTGKQLAVLCMSSRQQFDDLSGRDIFRIMTYYCLLRCFSQSSDVRNSYRLCREAIGLVIVAGLHREKAYESLSFREQQLLRKVYYLLLLTERYYSVYVHCVTSLDTTIAPPQPEFVTDPRLSLDSFFEMIRVFTVPGKCFFDALATESTSGSCTEDSLKKIWKELHTASLEIEPWSYGYVDISFSRHWIRALAWKLVFQMNGTKFFSNANNAHILVEIAKDMLDDIFLTPNNLYDVHGPGIPMKSLEVANALVDIVNKYDHNMKLEAWNILCDVSKFVFSLKHCNHKMFQRFSTKCQSALIDLPISRPLRLNDDSKDEDDIIP
UME6,MLDKARSQSKHMDESNAAASLLSMETTANNHHYLHNKTSRATLMNSSQDGKKHAEDEVSDGANSRHPTISSASIESLKTTYDENPLLSIMKSTCAPNNTPVHTPSGSPSLKVQSGGDIKDDPKENDTTTTTNTTLQDRRDSDNAVHAAASPLAPSNTPSDPKSLCNGHVAQATDPQISGAIQPQYTATNEDVFPYSSTSTNSNTATTTIVAGAKKKIHLPPPQAPAVSSPGTTAAGSGAGTGSGIRSRTGSDLPLIITSANKNNGKTTNSPMSILSRNNSTNNNDNNSIQSSDSRESSNNNEIGGYLRGGTKRGGSPSNDSQVQHNVHDDQCAVGVAPRNFYFNKDREITDPNVKLDENESKINISFWLNSKYRDEAYSLNESSSNNASSNTDTPTNSRHANTSSSITSRNNFQHFRFNQIPSQPPTSASSFTSTNNNNPQRNNINRGEDPFATSSRPSTGFFYGDLPNRNNRNSPFHTNEQYIPPPPPKYINSKLDGLRSRLLLGPNSASSSTKLDDDLGTAAAVLSNMRSSPYRTHDKPISNVNDMNNTNALGVPASRPHSSSFPSKGVLRPILLRIHNSEQQPIFESNNSTAVFDEDQDQNQDLSPYHLNLNSKKVLDPTFESRTRQVTWNKNGKRIDRRLSAPEQQQQLEVPPLKKSRRSVGNARVASQTNSDYNSLGESSTSSAPSSPSLKASSGLAYTADYPNATSPDFAKSKGKNVKPKAKSKAKQSSKKRPNNTTSKSKANNSQESNNATSSTDPKKKQMKLEEIKKKTKEAKRRAMKKK
DAL81,MDPHQSPADNAASPTKSVKATTKNSSTNNNVNSNNSNNNSNHDILNFNDNYTTILQHLANDHPNILREKGGSQQQQHQQQQQQQQQQQQQQQQQSLDTLLHHYQSLLSKSDNAIAFDDNVSNSADHNGSNSNNNNNNNDISSPTSSGANNNMPTSSNSKRMKNFEDYSNRLPSSMLYRHQQQQQQQQQQQRIQYPRSSFFVGPASVFDLNLTKHVRLDNVDQIQLSKTLSLRKVSPTAQFILQDDFDTTLHSKQEYEVDLVENLVHPHGHLLVEIFFKLIHPFLPILHERVFLEKYSRSYRELTAPLLASIYSLALQYWDFHPALLGFPKPDVTAQLNNIALETFYARVGRPKLSIIQTGLLILQCRSECHNNWVLCSSVVALAEELGLGVECNDWKLPKWEKDLRKRLAWAVWLMDKWCALNEGRQSHLILGRNWMIKLLNFDDFPLNSPTILNSLQNDQSGSSPSSSNDVKNHQIAFGNLPIFNINPTLEDFKNGTLMFQQMVSLSIILGEIMDTFYTQGSMTINKSIEQVLKLAKPLQLKLREWYHSLPKNLSMSYATPQKLNSNSTLTLAYFATEITLHRKIICALNPQTPKELVQVCRTAARTRLVAAIEFIRDLKNEHINAFWYNCSTGNLMLIGTFAALLYVTSATKEEAMIFRDYVRNYTWVLKIGSKYFDKLSNALNNMHLLFAQIPGLLTDEPVVVSPNSNINSVNPQRSGVQSQIPIQFNVGSPAMTEQGSPLNQWKNLPQEILQQLNSFPNGTTSTTTPVNPTSRQTQLESQGSPAINSANNNSNNTPLPFAPNKSSKKTSQSSPNVTPSHMSRHPPSNTSSPRVNSSTNVNSNTQMNASPLTSINETRQESGDAADEKTAGRERTANEESSTELKDDNPNSNQETSATGNQTIKMNDDKNVTINTRETPL
HAL9,MENQGGDYSPNGFSNSASNMNAVFNNEITGRSDISNVNHQTGTPRLVPETQIWSMPVPDQLMTMPNRENTLMTGSTIGPNIPMNVAYPNTIYSPTEHQSQFQTQQNRDISTMMEHTNSNDMSGSGQTSNSISNPVASSSVPNSGRFELLNGNSPLESNIIDKVSNIQNNLNKKMNSKIEKLDRKMSYIIDSVARLEWLLDKAVKKQEGKYKEKNNLPKPARKIYSTALLTAQKLYWFKQSLGVKASNEEFLSPISEILSISLKWYATQMKKFMDLSSPAFFSSEIILYSLPPKKQAKRLLENFHATLLSSVTGIISLKECLDLAEKYYSESGEKLTYPEHLLLNVCLCSGASATQSIIRGDSKFLRKDRYDPTSQELKKIENVALLNAMYYYHKLSTICSGTRTLQALLLLNRYFQLTYDTELANCILGTAIRLAVDMELNRKSSYKSLDFEEAIRRRRMWWHCFCTDKLYSLMLSRPPIVGERDMDMLTDQNYYEVIKTNILPDLIDKKEDLDKITDVNSALNVVVNFCQHISLFISYYVSKLVSIESKIYSTCFAVRSTLDLSFDAMLDKIKDLNDSLNNWRDNLHVSMKLKSYKQYLSVLYAQKSQENPALSFEIACSRVLNCHFRALYSKVILSMMTTSLLIDNERLYKGSRHDIPQLFILFSSQYLNASKEMLQLFQGINYQAHMYNEVMYQFSTAMFVLFFYVVDNMNDLKKKGEVKEIIDILKKSYDRLVGENDEQLLFDNVKWNTLIVFYSHFLKYVLQRYHALNDSTSIFDSKPYDETITKVIMHSRKIKDETVDQLIMSLKSYGSLHSLQKGNEADLADDGLNTNDISSEDFAEEAPINLFGELSVEILKLLKSHSPISNFGDLSPSSNRKGISDDSSLYPIRSDLTSLVYPIHSSDTGDTLSSGLETPENSNFNSDSGIKEDFEAFRALLPLGKLIYDRDYSFVNTFRDYE
YRM1,MSKRGSLQDRASPSEETVKKFRNPYANFYYLQCKGSGRRIVYGPTSLRTHLSNDDNRFVNTYNQLWSKVKIERNRWKARHKWTMKPETQLLEGPPLEKTGSDILQQVCNVLPSFEQSSKIITDFFNTELETNEVSEVLDKTKIINDFTSSFLPSDELLPNGERRIEKLLPSTKKNYYKIGVILMILCIRHFYKNTPEEIEKFLIMLTGLSTAKVYFIERAQFLLLKYYHRELIWACGDDSHMISLVDLLCSTAIMLGLHLNIREIYKNQENIVGSMESLENLWVWIILSDFNVSLNIGRCLAINSSYFQVDECENGERLPKNTNNYSSTVFFDQSNSCMGKLKRFLRLARPMLDQIYDRSAFPDLAENCKKLRNFVETEFHPISYYTDSELISKVPLCEIKVLAQVLNLLLTFYSLRYLIYKEKSVVLENNILQTILVSFSLVINTTILCFNLDEKHFPEFFDHNCVHLPPFMALSLVYTNFLFPRASTGFCAFLYHKLTLFEKGYYLSSNIKDQEVTDWDLSTLNIPLDKAMNLLTAFKIHSDIFAKWSNDNNKQLRIIMARSYTFVINIALESIYRAVLEKVIKYRTEVENTWLQQLQDELNGSYSLTDNVNTPIDPSLSDLGVTSASPLAGNSPGLPPEEVRNNSENASHNNETGPIETELAQTISNEFWTAYNLGWEELMSQPDYKYLFDTQ
LYS14,MFESVNLDENSPEDRELAKVLSPPGSYLSPASLDSGSSFTNSGTSTSCFEPKNNLPSLSFLNARAGSLGGIFNHKQMTSPSNSNIGGENVESTTSSNDGSNENAGHPTTSEQDQNADHPTISQADDNGHSSLTPNPAVTSTVTDKKGNTNDHNNARKRQHSSCKAEKKKKVRQNLSEDTTDPKPITDNGKNVPLDEIESLEIPNLDLTTTMNGYDVNLLMQNLNDMVNMKLHDSYLLNEELKGLDLPDLDIPELLPASNVNSSVPISFLVNNVITFNTKLSSFKLGGIHDKYLKIFYYDCLDSIAPFFQNQGNPLRDILLSFAKNEAYLLSSILATGASIAYRKSNNLEDERNYCAYLSHCLSLLGEQFKNESNVLNRIEPIILTVIMLAWDCIYSMNSQWRSHLKGVTDLFKKINAGNSSKVLNVAKCWFKVMETFASISTVFGGSLIDNNDLDAIFDPYDYQYVDSLKFLNIMTPLNEFNLLRGHKEDFDLVIKEVFKSLNTIRSTEKNYFSKEEGLFTKKLDYLLLSSQTSSEKSKDQISYFNTQKILVEIDKQLDYEFIDKSGIIPSDNQSHPRISNIHDNAIDMVTLKNGEEVAISWYDISHQTQVLSFLLIVLLKLLGMPKESSTIQQVVKKIMSFFKFLDSDSPPQNSRTCYSNFAVLIAGLNAMDEETRAIVKRYYKINGGKFQKLTEHNLNRLEKVWYGKNQNYRLEEQDVLTW
YRR1,MKRRSDALLGSFQATNVTPPSDNSNSTAGGANGSNSGTPTSTNFPPLGTSVGRGSTETSSPLPDGVINPYADRYYLQSKHSGRSTLYGPTSMRTQIANSNWGFIEKYKQLWAKVKVERNKWKQNNQKTMCRELGLLDESDWQPDPLIKQICRFLPSYNKALSILDDFFNDGACNEINVILDKAKVRRDFLDYFMPEKEVKAEGDRSIVYILSNPKKNYYKAAVILLILCLKYFHTDVPTPIEKFFTLLKGASTAKVFYIERAQMLILFYYHRETYSFGGDGSDLVNINECLVTTVTTIGLHLNIRETFKEHEVFMGSIESLENVWLMAIFIDYNISCNVGRPLLINKFYLDENQDHCILNSKSKTYEGKLKRYLKLTRPMLLTLYDRDKFPDLKAYSKRIINFVEEELGPLGHYTGENISEEVPLRESRILSMAVGLLLSFYALIHSVLKVRNIESKNNTFQLVLINFSIIVNTTIRCYRIDKALYPEKFEASNPHLPPHMALSMSLTAGLFSKTLVFFCSLIYFKLTLFENGLCLSNDMEVGWSDLTKLTVPLDKDLSLGTAMSLYSSIFDRLFTVGNKELIRTMHRSSQFVIELAIERTYRTILGNVIEFRKLTEETWLAQIKQELDPQSDNPSSEAKIVSDRQRDLSLAVPTPTPSIIPMLPSPGETKNHAKSQSEIIQMLTDEFWANYNSGWEELINQSEFSTLFDDYKDN
CAT8,MANNNSDRQGLEPRVIRTLGSQALSGPSISNRTSSSEANPHFSKNVKEAMIKTASPTPLENKRLLALCDIKEQQISLVSQSRPQTSTDNTINGNFKHDLKDAPLNLSSTNIYLLNQTVNKQLQNGKMDGDNSGSAMSPLGAPPPPPHKDHLCDGVSCTNHLHVKPTSTSLNDPTAISFEQDEAPGLPAVKALKSMTTHQRSTQLATLVSLSIPRSTEEILFIPQLLTRIRQIFGFNSKQCLYTVSLLSSLKNRLPAPRLLAPSTSTKLKEKDEDKKLDDDSAFVKRFQSTNLSEFVDLKKFLISLKFNINSFSKQSEKPANDQDDELLSLTEIKELLHLFFKFWSNQVPILNNDHFLIYFNNFVEVVKHLSTENLETNNTTKSTVTTNHEIFALKLLMMLQMGLLVKIKMEKIKYTVPKNPKAKYARLMAYYHQLSLIIPKNPYFLNMSTTSLPSLQLLSLASFYYLNVGDISAIYGVRGRIVSMAQQLRLHRCPSAVLSVHSNPVLQKFEQSERRLLFWAIYYVDVFASLQLGVPRLLKDFDIECALPISDVEYKDQLSMENEKADKKAKKIQLQGQVSSFSLQIIRFAKILGNILDSIFKRGMMDERITSEVALVHENALDNWRNQLPEMYYFQITVNGTVNLDEIRATNQRNTETKFDKKDIILFEKKILLLFYFLAKSMIHLPVIATKPLPKNVDNATKKKQSMFNNDSKGATNQDHMILDVDMTSPAIRTSSSYIILQQATNATLTIFQAINSMYLPLPLNVSRTLIRFSLLCARGSLEYTKGGALFLDNKNLLLDTIKDIENDRLLDLPGIASWHTLKLFDMSINLLLKAPNVKVERLDKFLEKKLNYYNRLMGLPPATTTSLKPLFGSQSKNSLENRQRTPNVKRENPEHEYLYGNDSNNNNNSEAGHSPMTNTTNGNKRLKYEKDAKRNAKDGGISKGENAHNFQNDTKKNMSTSNLFPFSFSNTDLTALFTHPEGPNCTNTNNGNVDVCNRASTDATDANIENLSFLNMAPFLQTGNSNIGQNTIENKPMHMDAIFSLPSNLDLMKDNMDSKPEQLEPVIKQNPENSKNNQFHQKGKSTNMEKNNLSFNNKSNYSLTKLMRLLNNDNSFSNISINNFLYQNDQNSASADPGTNKKAVTNAGANFKPPSTGSNTSQGSILGSTKHGMDNCDFNDLGNFNNFMTNVNYSGVDYDYIVDASLGLAPLLVDTPDISNTNTTSTTSNRSKNSIILDTTFNDDLDRSRMNAREVLNPTDSILSQGMVSSVSTRNTSNQRSLSSGNDSKGDSSSQENSKSATGNQLDTPSTLFQMRRTSSGPSASHRGPRRPQKNRYNTDRSKSSGGGSSNTDNVSDLFQWQNAK
STB4,MSINHEIYYILVFEHRSVAIKLIIVVIVLLQFFLARSRQIDRTWAHTNRKERFREMTAIGNTDDALDTSTAASKENGAPSDGVSSSASNSPNPNSHYHHISSTLPFMSGRPNHTFHSGSNLNGENNNNSFPEDHMAKLLLQLSSKLGNTTKESSIRTTRTNASDVNANPTVVNMKNSQEDCDTNHRSAICDSAEALHNNNINSKENKIINSQITNTVNDHFESPWQTFSLDKYRFHRRYQNILPYYLGVSILKDLSPQTIEYAKLKRPRVQNYGWNLSGGHYLKYKGDFRSQEKNIRHESKFFDFDDPVHLSLINKLLRYYFDEINPVFSIIHEATFWQQYNNKFLRQGKQNNSSANLFTSMLYLILSTTLRFREGHLDGQKGQGTYSNTSLNITFEEKSILIKKPSIEENLFKYAYLIINTLTFEWESFELIQSWLLITFYFRTCYRQTACWNALSQAVNMCNGMSLYLNKFPEIHSTYDESKAWHCFWCCFIMDKLISFQMGRFYQLSLPASEMCEQMNLVKSKKFLQEEDDWFHEETFQMLDLSIIVTQFLKRDAQDLNLNETVQLRSQLGQWYDTFIVGSQTNAYDDNYRYFYQVQPFMTYLDIRLTFEVRQLFCLIAPSSTANNKSLEYVVDTELLISHCQMAIENLAEITRSNLFFVPWWLNLSQLFTVNLICIIYLHAGIAVTQNKAIMQSCQEIWRTLECSKPKNRPSMLPECLWCLKMLNHMFCIRLRDSALQLEATLGTDHGDDTPNRNKFEQFKKVGDNDADVEVDAGEREENADERQENPHNNSKRVPLATRSHNTTNFDGSIAISPESAVANLGTDTGLPSDVLDTVSKIGNSPNVFDDDLFSNLLWFDQNFA
RDS1,MDSITHKLNFEQQPVLERTGLRYSLQVPEGVVNATLSIWNAEDMLVIVGLVTFLDYPFAAHSLAQHDQYIRALCASLYGMALVDFSNYANGIPCEDTSRSILGPLSFIEKAIFRRIEHSKQFRVQSAALGLLYNAFSMEEENFSTLLPSLIAEVEDVLMQKKDCEILLRCFYQNIYPFYPFMDISLFESDLTSLLLQDDNNRWKISTEVKNVRKKIETLSLLTIVMAMALMHSKLDANLLSMVKENASESARKLSLLCHKLLCLLDVFRYPNENTFTCLLYFYVSEHLDPESPDCVLSPTNLLTLHHLLNLSMTLGLQYEPSKYKRFKDPEVIRQRRILWLGVQSLLFQISLAEGDAGKSNSEYMEAYLTDFEEYIEASSEYEKSSASESNVQMNDIVWNKYKFHVILSKLMSDCTSVIQHPQLFHILGNIKRSEDFMAENFPTSSIYQPLHEKEPNAIKVGKSTVLDVMDIQKTEIFLTNIVGSMCFLNIFDVLSLHFEKKCVMHWEEYEKNYHFLTLKSFNAYLKLAGLISDYLENKFQGNILESRGYIIDKQICFMLVRIWMFQCRILLRFSYKQESQKKLASSSISTNDNEKEDEMIVILERLIKHIRNQMAHLVDLAKGKLQDSYFGAYQTVPMFRYVVYLIDVGGLVSVTNGFWDKISSDGEIPPKVQQAVRLKWGLDCNNSRRIKQKLISSQSLQSFNQVLLCQMEDAVLSSSFAIKANTAMSQNTAEEFFNISEEEALNQLLENNNFDAFWDLLGENLSDMPSL
UPC2,MSEVGIQNHKKAVTKPRRREKVIELIEVDGKKVSTTSTGKQSAVKASGSSNDSFPSSASTTKSESEEKSSAPIEDKNNMTPLSMGLQGTINKKDMMNNFFSQNGTIGFGSPERLNSGIDGLLLPPLPSGNMGAFQLQQQQQVQQQSQPQTQAQQASGTPNERYGSFDLAGSPALQSTGMSLSNSLSGMLLCNRIPSGQNYTQQQLQYQLHQQLQLQQHQQVQLQQYQQLRQEQHQQVQQQQQEQLQQYQQHFLQQQQQVLLQQEQQPNDEEGGVQEENSKKVKEGPLQSQTSETTLNSDAATLQADALSQLSKMGLSLKSLSTFPTAGIGGVSYDFQELLGIKFPINNGNSRATKASNAEEALANMQEHHERAAASVKENDGQLSDTKSPAPSNNAQGGSASIMEPQAADAVSTMAPISMIERNMNRNSNISPSTPSAVLNDRQEMQDSISSLGNLTKAALENNEPTISLQTSQTENEDDASRQDMTSKINNEADRSSVSAGTSNIAKLLDLSTKGNLNLIDMKLFHHYCTKVWPTITAAKVSGPEIWRDYIPELAFDYPFLMHALLAFSATHLSRTETGLEQYVSSHRLDALRLLREAVLEISENNTDALVASALILIMDSLANASGNGTVGNQSLNSMSPSAWIFHVKGAATILTAVWPLSERSKFHNIISVDLSDLGDVINPDVGTITELVCFDESIADLYPVGLDSPYLITLAYLDKLHREKNQGDFILRVFTFPALLDKTFLALLMTGDLGAMRIMRSYYKLLRGFATEVKDKVWFLEGVTQVLPQDVDEYSGGGGMHMMLDFLGGGLPSMTTTNFSDFSL
STB5,MDGPNFAHQGGRSYVPVKRNKKVGKSPLSTKSMPNSSSPLSANGAITPGFSPYENDDAHKMKQLKPSDPINLVMGASPNSSEGVSSLISVLTSLNDNSNPSSHLSSNENSMIPSRSLPASVQQSSTTSSFGGYNTPSPLISSHVPANAQAVPLQNNNRNTSNGDNGSNVNHDNNNGSTNTPQLSLTPYANNSAPNGKFDSVPVDASSIEFETMSCCFKGGRTTSWVREDGSFKSIDRSLLDRFIAAYFKHNHRLFPMIDKIAFLNDAATITDFERLYDNKNYPDSFVFKVYMIMAIGCTTLQRAGMVSQDEECLSEHLAFLAMKKFRSVIILQDIETVRCLLLLGIYSFFEPKGSSSWTISGIIMRLTIGLGLNRELTAKKLKSMSALEAEARYRVFWSAYCFERLVCTSLGRISGIDDEDITVPLPRALYVDERDDLEMTKLMISLRKMGGRIYKQVHSVSAGRQKLTIEQKQEIISGLRKELDEIYSRESERRKLKKSQMDQVERENNSTTNVISFHSSEIWLAMRYSQLQILLYRPSALMPKPPIDSLSTLGEFCLQAWKHTYTLYKKRLLPLNWITLFRTLTICNTILYCLCQWSIDLIESKIEIQQCVEILRHFGERWIFAMRCADVFQNISNTILDISLSHGKVPNMDQLTRELFGASDSYQDILDENNVDVSWVDKLV
ASG1,MPEQAQQGEQGNVTTGPSSSTVVAAAASNPNKLLSNIKTERAILPGASTIPASNNPSKPRKYKTKSTRLQSKIDRYKQIFDEVFPQLPDIDNLDIPVFLQIFHNFKRDSQSFLDDTVKEYTLIVNDSSSPIQPVLSSNSKNSTPDEFLPNMKSDSNSASSNREQDSVDTYSNIPVGREIKIILPPKAIALQFVKSTWEHCCVLLRFYHRPSFIRQLDELYETDPNNYTSKQMQFLPLCYAAIAVGALFSKSIVSNDSSREKFLQDEGYKYFIAARKLIDITNARDLNSIQAILMLIIFLQCSARLSTCYTYIGVAMRSALRAGFHRKLSPNSGFSPIEIEMRKRLFYTIYKLDVYINAMLGLPRSISPDDFDQTLPLDLSDENITEVAYLPENQHSVLSSTGISNEHTKLFLILNEIISELYPIKKTSNIISHETVTSLELKLRNWLDSLPKELIPNAENIDPEYERANRLLHLSFLHVQIILYRPFIHYLSRNMNAENVDPLCYRRARNSIAVARTVIKLAKEMVSNNLLTGSYWYACYTIFYSVAGLLFYIHEAQLPDKDSAREYYDILKDAETGRSVLIQLKDSSMAASRTYNLLNQIFEKLNSKTIQLTALHSSPSNESAFLVTNNSSALKPHLGDSLQPPVFFSSQDTKNSFSLAKSEESTNDYAMANYLNNTPISENPLNEAQQQDQVSQGTTNMSNERDPNNFLSIDIRLDNNGQSNILDATDDVFIRNDGDIPTNSAFDFSSSKSNASNNSNPDTINNNYNNVSGKNNNNNNITNNSNNNHNNNNNDNNNNNNNNNNNNNNNNNSGNSSNNNNNNNNNKNNNDFGIKIDNNSPSYEGFPQLQIPLSQDNLNIEDKEEMSPNIEIKNEQNMTDSNDILGVFDQLDAQLFGKYLPLNYPSE
OAF3,MGYDSQVRSSPSLNDADPLRKQSTPAERISPGFIKKRRSSQTRQDEDHWQRVRELENQSSLYYLPIHEETPFFIDLIPNGFYLETKRSADNLFGLFTDRAIENRDPYLQAMVTFRSIAIKKMMDKLGSNGNNVKNGSLPKSFEALSTFDADDERHISDDVVGKGNNFRMHQTIHKSLFNKFAQYRENNAKKFSSETILAKDYLPPLKILESEVLALFEEKIYNMIPIFDMKVLRHEITIFYQNIVEKGNPISIKHYDHMVFCIILLIIKICRLSVQFSKLTPYIYPVLQEIDTSKFLALVKHYLFETKVLRKCNLLQLQCLILLRFLHWCAPEDGDGPETQYCQILMGTIISSCKEMGINWYCFSHPEKYSFKINRHTRPSYDIMKPSDYISVFRKIWSYVLFWDRKMCFISGEECQIGKTLQCHFKEEADTPTWYIRMLTLDNLMKKINDTLNDDPGKVDLNLLHRLINDLKRNFHILKSLSKNEKETMRHFDFEMEWIIDLFSLSLLHGEMIFYEYDCNITKFYKSFQDLWDMVIHISEKCYNYFFNSDALEVDSLTKFYTNRIVEIVANKVLVIVPAFILRGDRFKTIQYADKKKMIEFLYGVSSVYFNEFGFEYYRCFRKMFTAKIAYKILNRSCEKDAWRIILKFLLNELKLEDNGDSYIDYNDMRLNDICPIILEFQETVQKYDGYRPDILSIWNNEFYPIGKYNDDMTGFKFQMRIKEMQEFLDMEKYSDRFNIFSSFYDHASSQLAKHTEVDTNISITNEQVAEIPQKELLQQPLAPALPVNDLIVSEFDVIEDIFDPVDFVSFF
PDR3,MKVKNDLIQTPVSPSATHAPDTSNNPTNDNNILFKDDSKYQNQLVTYQNILTNLYALPPCDDTQLLIDKTKSQLNNLINSWNPEINYPKLSSFSPRPQRSIETYLLTNKYRNKIHMTRFSFWTDQMVKSQSPDSFLATTPLVDEVFGLFSPIQAFSLRGIGYLIKKNIENTGSSMLIDTKETIYLILRLFDLCYEHLIQGCISISNPLENYLQKIKQTPTTTASASLPTSPAPLSNDLVISVIHQLPQPFIQSITGFTTTQLIENLHDSFSMFRIVTQMYAQHRKRFAEFLNQAFSLPHQEKSVLFSSFCSSEYLLSTLCYAYYNVTLYHMLDINTLDYLEILVSLLEIQNEIDERFGFEKMLEVAVTCSTKMGLSRWEYYVGIDENTAERRRKIWWKIYSLEKRFLTDLGDLSLINEHQMNCLLPKDFRDMGFINHKEFLTKIGTSSLSPSSPKLKNLSLSRLIEYGELAIAQIVGDFFSETLYNEKFTSLEVSVKPTIIRQKLLEKVFEDIESFRLKLAKIKLHTSRVFQVAHCKYPEYPKNDLIEAAKFVSYHKNTWFSILGAVNNLIARLSEDPEVITEQSMKYANEMFQEWREINQFLIQVDTDFIVWACLDFYELIFFVMASKFYVEDPHITLEDVINTLKVFKRITNIISFFNNNLDEKDYDCQTFREFSRSSSLVAISIRIIFLKYCYAEQIDRAEFIERLKEVEPGLSDLLREFFDTRSFIYRYMLKSVEKSGFHLIIRKMLESDYKFLYRDKLATGNIPDQGNSSQISQLYDSTAPSYNNASASAANSPLKLSSLLNSGEESYTQDASENVPCNLRHQDRSLQQTKRQHSAPSQISANENNIYNLGTLEEFVSSGDLTDLYHTLWNDNTSYPFL
RSC3,MDISSSSSSNTRQVANGPYLNSYYASRRVSKETAALLQKNPELASLEQIREYNTRLQLLNAQNQLNNRSSAANATLNQQHTQYIPKSVPSLESKPVTSANESSTPLNWVQGPAIFHMLTSPYTQDEIINHEMNFLKGRLLELQEITGKKITGVNLDLKQDSSAQMQSSHSNRNQEEFLTIKKRKLSEDGVTDGDGKPIPESERRPHLNEFKDLDPQFLDTNKVFNVFNSAISEEGRNRLWLLPKNINKSSIFQIQYLIERDPFLFKFFNDLNILIETQFNGPLHDLVASRNSIERNSGISQILKFPSQSITQTLINKYLSTITETNSILPILKPKRLLPIVEQLFPSNTINKPNSKDFETIFQVFSVTNDQLLNLGFITLCLLILFESLNSTVLIPLRDDEHLQLFNVLFNYLPLLKSNLTTLRFEIEKRSMCNIETLRFISLWKYYQFVMDTSSSSSFVIDYDEDMHMACLLSLNHETQNQSHILTWNFIFKNYCWRHLFLGQLPLLMSEPFTNSTPIIDPLLNNDFELIDFEVNLMKYLQSKDQQLSIDKIIQLIKLLKNKNIEVSQGCLTTPSIINNIMDSLIYRNSMLYLNFYLLLQFETLKNYAKFNEILEDFLELSRETLFFVFSNLANIKFAGHEFTFINKSIVVLQTLVLMLLALYQRSFDSSKRTNDANEISEQTDIHSNNDNSKRIKNKNVIHLIINKIAMLLSDYTKNCKKQNKLIENLIIKIKTISKYIKNLEENKVTTSADSNYSINNGFSGISAEQLIKLNHELSKISESLIKTDFYEQRKNSTVSNGVLGAAAPVDSDANSDTFGLTKENFNEVFEAIRS
,MDRSKKIKNGSKVFLFKNNTIDNGNNSILENKGLNEDLSSHIYEKEAPKFDSDIDISRFGTNDAVIFNNDGWDTSLPIDFDFDEFNTETTDFDDFLKLLGDNSPSKEQKSLSYSPTATGLSGVVKETESEDNAPTRSRLIDVLFENKLHSVPGISKWHLYELESQYPNLECTEGNSDEKFLLSTVLCLGSLTIRKRELLNHSNIDNRPLLPENSISKLTTDAFKYYNAAKTLVPDLLSHPTIDGFCGLVLMANFMTMMISLEHQLYLSINALQLAVALNLNNNTKCKELLESNSDGIGVILLFWNIWCSSCMLATIHGKNPFITLEQITTPLPCEISPRNKTNKLLIDFMQIRIKLATLQSKIFQRLYTSSTANEVPFVNLEREFEEVSLQITRLKGFPIFEEHLFYRSRVLMLELSCLRAQASFLLYRPYLITGESLQAVTMAKSIIHEIWSQYTKQFPDNEKERHERLDWNFCYPLRTASLTLCISCIILLRYKQVVQFLKGTELFEYILALEILQDLVQVLPIEQNLIDIIKYPISPVQLSGDSFVEFWGRILY
LEU3,MEGRSDFVATSQSGSEMSHSETRNRTGMNILKKIEEEQEIVLDNSNFTKEKVKQLRKSAFETTEIEPRSYKTLRGEPISYSTNRRHTDSSPLTLLSSSTNFDPVHSTNVMTDDQLKCLPKSLGDVYLSSSDIAELFQEFATKYHQFLPVVDLSKGAERIYHLSPCLFWVILLIGLRRKFGATDLMTRLSVLVKSVLSEITISPIIRYTPSDKDEPVLNVASVYSVQAFLLYTFWPPLTSSLSADTSWNTIGTAMFQALRVGLNCAGFSKEYASANSELVNEQIRTWICCNVVSQTVASSFGFPAYVSFDYLVISSIRVPNSKSQVDIPNELRQMAQIARFENQIVNTMNSTPASVTGMVSQEEKQPLLHVLNQQLSQLEISLEENNLDDIRKFLLLVAKVHLLTYYFTDVTSQSAGKSNGNIYEGSYSIMELDTSFETKRGLVKVYNAAVNFLIHANSMWEHDPTIIKYFPGLFVLNIWQSACIISKLIHSSLHSMLDVNSGKKAYNNAISLTFNASVLKYDMAYRSSGIMRSIWSLFANMYDAWKNDQKEGGGRLNNDFNLGITIKSRMSVNVFFDCLYILKEKCGMAKLERETKVSTAYNVDEEEEEDEDEEGEEEEEEEELSSKVPENMDSQQLRTRKFTNVRHPEKKARKIIETIPLDPNPINAGSTSSGSSLTTPNSQVANTISYRGILNKMSPREQLNHANLDSSVSTDIKDTEAVNEPLPIGRNAEHPANQPPLSITQMQENTLPATQANSSLLETYPIVQSNPVTTTIKESPNSIMAGWDNWESDMVWRDVDILMNEFAFNPKV
OAF1,MVENSTQKAPHAGNDDNSSTKPYSEAFFLGFNNPTPGLEAEHSSTSPAPENSETYWKDKAMKLLTEREVNESGKRSASPINTNNASGDSPDTKKQHKMEPIYEQSGNGDINNGTRNDIEINLYRSHPTMIMSKVMKREVKPLSENYIIIQDCFLKILVTSVFLDTSKNTMIPALTANANITRAQPSVANNLLKLKEMLIRQCQTEDEKNRVNEFTDRILQNTNSNRNLKIGMLLSMLYNSVGYQYLEDHCPQGGEYSDLLRNLINECEAILPSYEIIERYKNHFYEYVYPSLPFIELEIFEESLSQTIFPDPNNPSKVQIRMGSTHLRAKVENLSLLLVILKLSYMSIRFLDHSTADSSFYLSKEIIDKYPIPNDFILLSQRCLASENWCACANENIISCLLYIWSFFAFSPEEGDFFLEHPTDVISSLIMMLSTSIGLHRDPSDFPQLISPSTSDKRTLNHRRILWLSIVTVCSFEASLKGRHSVSPISLMALFLNIKDPDSLTVYMNRVRGDLSDINNHKLLRIHKFTFKRAQLALLLSDLDNLTMTYYGSFHLHSIEFIREKIEIFVEENFPIVPLKSVAQDKSDLDDMNVISEMNILSSENSSSFHNRIMNKLLMLRTSMAVFLHFETLITKDKSIFPFYKKYFMVSCMDALSLINYFNKFFNGEYRHAISSLTSFNVTKFIQLALSSTIFSLLGIILRIGLAIHMLSSEVQKLSGTTDPRIKELNTKVEKFSTLQRDLESALEGIYCSASEHLRFTYFPVFKMLALFDVIVQRMRKGELWHGIFTMIQMEQMHSRIIKTLSITLGVKLDKKDRLLEELMACNHVANFSVEDIDELNRNIKKEIQISSGLKPPVNTIDLTNGEPFGNAVPTFTKTWSSSLDNLEKLSSAAAVGQSLDYNSGLRQGPLAGGGSKEQTPIAGMNNLNNSINATPIVDNSSGSQLPNGFDRGQANNTPFPGYFGGLDLFDYDFLFGNDFA
TEA1,MTAPLWPNKNEKNHTVKRALSTDMTSNILSSTNASSNEENSRSSSAANVRSGTGANTLTNGGVLSALPDSSQVSINYTDQTPSLPIPATRGTFIIENDKVSQPLSSFNQQTEPSTLNSGIFNTQKQNFEESLDDQLLLRRSLTPQGEKKKKPLVKGSLYPEGPVSYKRKHPVKSDSLLPVSSLTAATDPSTFSDGITAGNSVLVNGELKKRISDLKTTVIVRGLNDDNPNSINNDPRILKSLSNFYKWLYPGYFIFVHRESFLYGFFNHSKNNYEDSSYCSVELIYAMCAVGSRLTPDLQEYSEVYYQRSKKTLLQLVFDEQSTARITTVQALFCLAFYELGKGNNQLGWYFSGLAIRVGYDMGFQLDPKVWYVDDNNLQLTQSELEIRSRIYWGCYIADHFICLMLGRTSTLSVSNSTMPESDELPEVNGTEEFRFIGRHVLQISLPLKNLIILSRLVQIFTSKIFIESEDIARKLKYLNTFNSQVYNWRQSLPEFLQWSKTLIENDDVSTDPTISYFWYCYYIVRLTFNKPFIEDSQESETVVIEIIDDLKTLLDNFGKKFGNYTKGNLYQLYSCLLAINCLKKLKEIRSSEQDSWNAQLDFFNHIFYTQLYPAYDLPKKLQEDTELETEQENQMLNQVGNINYTHDFSLSHEIDDLIRELFGVGTPQKL
TOG1,MAAKRGLCSIAKLKAQLPPSAPASLQKGLANICTELEKIQPQLYLNLDSKEISSYGGLKSIETEIIGKQSKSLNRFSNAFESNTAQNVSMYFGVYSPLLYFASTGISWITKKLISCSNDRETRETIYLFLKFLDASSASHAGPKVTSISPLEYYSKLNGLSCGNDVLIQHIMSNISNEIKGNTNINQTIKFNKPTDWFMYGVQLMEQHHKALDRKSSKKLLPLKYFLEQDELIFCLCLEYFERSLFSTMYDLTILKGLVSLMKHRYWIDDPFVLGRIISTMSRRSLDAGLNRWEYYIGQDEDTAEEYRKLWWDCYWWDRWYSLVTGKQPLIPHEMTSCLFPKDVVGLGVDDSMDCFTLINLVELDPSKFDICISFGYILLTKIITAVFSGLLYNRHFTDYRLFATPNAKDLNGTARQLMVEFSKICKIFQCIQDKLIPFLKQYSENSNVFELYTHFGFAKVCCFQGMESLILRIQNLLQERERIELDSCVKDIRLQTFEASVDILTDVLKHEDTFYIFRCSWFIYAILMNITLNFIETPRRNSICYLSLMCRMIASYNDLFVSSGNVNFKGNNAFSKKLENGTAVSFILTRICCQMYTRSQKMAKESLFCELKKYGQACSDAGQAALDIECIWYRNIIGEHKESSFRKEILSILDREMGDLVNNRVIGVQGKNQEGACYEKLSPSSTSVSVGMDFCSLENFVTAESLPDLLNLFWEDTEFGITKENLGE
ARO80,MSAKKRPSGNAAFELPSLGKSKQEIQNDSTSPILSDVPLSRKGISSEKSFKSEGMKWKLELSSMQNALEFLAQAAGTVAKEGAKEIIKEKSTTPKPLKSSLDATNKSATDEGLKRLSKSDSTNTLYENTADMLNHTLNTNRKTSQLMEEIGKVRPPPTRKIDDFDYIGPDSLLTKEEAIELIEAFFLTMHPFFPNIPLQLHDPKELAEYPILFCAILTVSARYHPFDTLGLDNGEDGMRHIEVHDKLWVYCQKLISQTIWAEASTRSIGTVLAFIIFTEWNPRSIHYKWSDYANDPELNNVNARGSKNISTRKDEEGLTGVGAIRRSDRMSWMLTGSAVRLAQDMGFIENSSKVFIVTHISETTSAMNMNQRSLLAESFSVLNLNLGKIENDGNESNEDYLGNEKFYLNEILPDEESKLRWKRVFENSENDHDNEKNFLTDWEREFLNDEYVLYYSNKKDDTNLAQNHIPPFPLRFSFAQRAKIEIIRILSIAYETIYCEKNKRKLATTDQRHNLSVLSVFSPLIEGWLSNYRELLVPLSDVPFSLADRKNKKQIFDNIDRINGESIITDFNYCQLYIFSLALQVDGKTSRLNMNEIVTSARYVELAYRSAKEILSSAKRVSRQGMLKYMPVRWVIRIIRSIAFIVKCYLTLTGSELATNPDARNILKLSAISVDETFDIIRDTAVTLKEATPDELHLCQRYAAILMYLCTEMKLRKKSYLERPPLLRDGTTPLESNRESSLEGQDLTKKPIFSKRIGYNKTETTFEPSERPLTEEINSNSQNSNDTSSKGIVDPFVEQNNDITTALLNNELFQGPSLSDEVTDWFGASEDIGLEFVEPWTELIEQRYMQCGDGDNNNFENLYNLFVNSNNINNDINNSRPITRK
WAR1,MDTQIAITGVAVGKEINNDNSKTDQKVSLPKADVPCIDKATQTIIEGCSKDDPRLSYPTKLETTEKPRSRSPTPFESPMVNVSTKSKGPTDSEESSLKDGTSYLASFPSDPNAKQFPNSRTVLPGLQQSLSDLWSTLSQPPSYGAREAETTSTGEITTNNHTKSNGSVPTNPAVLASNDEHTNISDAPVIYSTYNSPVPISSAPTSINSEALFKHRPKIVGDEETQNVKVKRQKKSYSRHMTRSFRKQLQSLIISQKGKIRDISMKLDTWSKQWNDLVEKSMFLPTIADPVSVGIISHEEATLRLHLYKTEISYLSKLPFIKVEENVSVDELRKKKPILFSVIMSCVSIVLTPKQTTRGTIMKLDSFVLNLITNQIFKANNKSIEIIESLSTLCLWYNFFEWSSKTRYHIFNYICCCLTRDLGPTYVNRSFGMFSDEDPKRFKSPLELYSNGASLTLLVYISALNISIFLRQSIQARWSHVTEKACEDLVKETKKSRHYDNDKLLLDSADDPILVQFAKMNHVLENIHTHLHERDLNDDEFDDPIFTKKYLNKLMEKYHKQLQEIFTKLDRNRPRVIAFYYSVEAYLYQYKLAVFIGEMSHTINEKVELPREIMDDFVKCYHCCKSALEEFSKLEPILITSLPLFHTSRIIYTVGMLLLKLRYSVVAIPSFHDLMPLTDDAIALVIGVNNLLEKTSELYPFNNSLYKFRYVIALFCQTYANKVIDVADRYNAEREKLKEKQVIDEVSNGHDGTKPINAYVTESQKMPTEEDPIIDNNTNQNITAVPDEMLPVYSRVRDDTAAMNLNINSTSYMNESPHEHRESMTGTTLLPPPFISNDVTNSADSTNIKPSPSSSVDNLNDYLTDINSLAWGVNSLNDEFWTDLFMNDI
GZF3,MASQATTLRGYNIRKRDNVFEPKSSENLNSLNQSEEEGHIGRWPPLGYEAVSAEQKSAVQLRESQAGASISNNMNFKANDKSFSTSTAGRMSPDTNSLHHILPKNQVKNHAHNLDNFRNQTLIAELKGDCNIESSGRKANRVTSEDKKKKSSQLLMGTSSTAKISKKPKTESKERSDSHLSATKLEVLMSGDCSRPNLKPKLPKQDTAIYQEKLLTFPSYTDVKEYSNSAHQSAFIKERSQFNAASFPLNASHSVTSKTGADSPQLPHLSMLLGSLSSTSISNNGSEIVSNCNNGIASTAATLAPTSSRTTDSNPSEVPNQIRSTMSSPDIISAKRNDPAPLSFHMASINDMLETRDRAISNVKTETTPPHFIPFLQSSKAPCISKANSQSISNSVSSSDVSGRKFENHPAKDLGDQLSTKLHKEEEIIKLKTRINELELVTDLYRRHINELDGKCRALEERLQRTVKQEGNKGG
GLN3,MQDDPENSKLYDLLNSHLDVHGRSNEEPRQTGDSRSQSSGNTGENEEDIAFASGLNGGTFDSMLEALPDDLYFTDFVSPFTAAATTSVTTKTVKDTTPATNHMDDDIAMFDSLATTQPIDIAASNQQNGEIAQLWDFNVDQFNMTPSNSSGSATISAPNSFTSDIPQYNHGSLGNSVSKSSLFPYNSSTSNSNINQPSINNNSNTNAQSHHSFNIYKLQNNNSSSSAMNITNNNNSNNSNIQHPFLKKSDSIGLSSSNTTNSVRKNSLIKPMSSTSLANFKRAASVSSSISNMEPQTDPNIAQNTPSAPATASTSVTTTNAKPIRSRKKSLQQNSLSRVIPEEIIRDNIGNTNNILNVNRGGYNFNSVPSPVLMNSQSYNSSNANFNGASNANLNSNNLMRHNSNTVTPNFRRSSRRSSTSSNTSSSSKSSSRSVVPILPKPSPNSANSQQFNMNMNLMNTTNNVSAGNSVASSPRIISSANFNSNSPLQQNLLSNSFQRQGMNIPRRKMSRNASYSSSFMAASLQQLHEQQQVDVNSNTNTNSNRQNWNSSNSVSTNSRSSNFVSQKPNFDIFNTPVDSPSVSRPSSRKSHTSLLSQQLQNSESNSFISNHKFNNRLSSDSTSPIKYEADVSAGGKISEDNSTKGSSKESSAIADELDWLKFGI
GAT1,MHVFFPLLFRPSPVLFIACAYIYIDIYIHCTRCTVVNITMSTNRVPNLDPDLNLNKEIWDLYSSAQKILPDSNRILNLSWRLHNRTSFHRINRIMQHSNSIMDFSASPFASGVNAAGPGNNDLDDTDTDNQQFFLSDMNLNGSSVFENVFDDDDDDDDVETHSIVHSDLLNDMDSASQRASHNASGFPNFLDTSCSSSFDDHFIFTNNLPFLNNNSINNNHSHNSSHNNNSPSIANNTNANTNTNTSASTNTNSPLLRRNPSPSIVKPGSRRNSSVRKKKPALKKIKSSTSVQSSATPPINNNITPPPSSSLNPGAAGKKKNYTASVAASKRKNSLNIVAPLKSQDIPIPKIASPSIPQYLRSNTRHHLSSSVPIEAETFSSFRPDMNMTMNMNLHNASTSSFNNEAFWKPLDSAIDHHSGDTNPNSNMNTTPNGNLSLDWLNLNL
SRD1,MRYNNYDNSGSSFLTRVVKKSDMEKTLLLNREIDDWKSNDKKKAYKERGRVYASCSFIEVSFSQIRAVDVEKKIENAEQLRDLTRNIVKNKTSSLNEITPSKNRVTSACNSERRTTSQEANNLEGYHSCAQGTSRSASITKKYSKKTTSRPKREKRQTILPIDRNNP
ASH1,MSSLYIKTPLHALSAGPDSHANSSYYDNLLLPSFSNLSSNISRNNITTDNNINSASPRKYSFHSLNVSPILSPISLANEILGKKSNTAPASPHHMDYNPISSLTPGNSPEFNKASLSQISFTNPLNYGSGLGFSSNSQPRLPLLDRLSSVSLSKRPERPQQSLPSLRHLQLLPSPLLQENAARFPDTSKRTSNWKTDLTHWCKDTNYQDYVKIREEVAHFKPLSIPNLTNNQNNDSFNYGKELESTRSSKFHSPSKESFDRTKLIPSILEAKDQFKDLSNNAWSITPPVTPPMSPPTNRTMERTTLRGVEASFFEGKSSNNDSIFNPIISEKLVQEVKHQRQLRGNSFPMPNASHKKTNSFKALQIKKLLANRDILSNNSKSNVRKPSKNKISKQASNVFGNTARQLVMKLDNASYSSVSASSSPSPSTPTKSGKMRSRSSSPVRPKAYTPSPRSPNYHRFALDSPPQSPRRSSNSSITKKGSRRSSGSSPGEINIMKSNGIDKEFVPERNCEIEGYRCLFCNYITETVEN
GAT4,MSTKLPIVISNGTAFKKVPVQLLLNSGSEAQHGLPRNADSQPARPRRRIPKELTGTVRF
ECM23,MLYNKEQGTSGASSSGRRTKFHFDRFVQMVLFIAANPNYCCSVASIPKSGVTPDLKRADILEQKIKSLNSALSPKLKEESRLGGPLHNPSILPAPSFSSLPISSNGKKSLAGYRPKSRKKQTILPTKNFIFKNK
DAL80,MVLSDSLKLPSPTLSAAAGVDNNVNTNANTHSNDPNKIFKRKKRLLTTGGGSLPTNNPKVSILEKFMVSGSIKPLLKPKETVPNTKECSTQRGKFSLDPCEPSGKNYLYQINGSDIYTSNIELTRLPNLSTLLEPSPFSDSAVPEIELTWKLHNEEEVIKLKTKISELELVTDLYKKHIFQLNEKCKQLEVELHSRASVQSHPQH
GAT3,MNIKTLCHPEYKRISVESLLNPVEETIDCEKPHSQTKINTAKPISASLYVTTNNTAVVQPKSLYGVTRTR
SOK2,MPIGNPINTNDIKSNRMRQESNMSAVSNSESTIGQSTQQQQQQQQYLGQSVQPLMPVSYQYVVPEQWPYPQYYQQPQSQSQQQLQSQPQMYQVQESFQSSGSDSNASNPPSTSVGVPSNATATALPNGSAITTKKSNNSTNISNNVPYYYYFPQMQAQQSMAYSYPQAYYYYPANGDGTTNGATPSVTSNQVQNPNLEKTYSTFEQQQQHQQQQQLQAQTYPAQPPKIGNAFSKFSKSGPPSDSSSGSMSPNSNRTSRNSNSISSLAQQPPMSNYPQPSTYQYPGFHKTSSIPNSHSPIPPRSLTTPTQGPTSQNGPLSYNLPQVGLLPPQQQQQVSPLYDGNSITPPVKPSTDQETYLTANRHGVSDQQYDSMAKTMNSFQTTTIRHPMPLIATTNATGSNTSGTSASIIRPYQPINNYQNPNGPSNISAAQLTYSSMNLNNKIIPNNSIPAVSTIAAGEKPLKKCTMPNSNQLEGHTITNLQTLSATMPMKQQLMGNIASPLSYPRNATMNSASTLGITPADSKPLTPSPTTTNTNQSSESNVGSIHTGITLPRVESESASHSKWSKEADSGNTVPDNQTLKEPRSSQLPISALTSTDTDKIKTSTSDEATQPNEPSEAEPVKESESSKSQVDGAGDVSNEEIAADDTKKQEK
SWI4,MPFDVLISNQKDNTNHQNITPISKSVLLAPHSNHPPRKKNSSSSTSATTTAANKKGKKNASINQPNPSPLQNLVFQTPQQFQVNSSMNIMNNNDNHTTMNFNNDTRHNLINNISNNSNQSTIIQQQKSIHENSFNNNYSATQKPLQFFPIPTNLQNKNVALNNPNNNDSNSYSHNIDNVINSSNNNNNGNNNNLIIVPDGPMQSQQQQQHHHEYLTNNFNHSMMDSITNGNSKKRRKKLNQSNEQQFYNQQEKIQRHFKLMKQPLLWQSFQNPNDHHNEYCDSNGSNNNNNTVASNGSSIEVFSSNENDNSMNMSSRSMTPFSAGNTSSQNKLENKMTDQEYKQTILTILSSERSSDVDQALLATLYPAPKNFNINFEIDDQGHTPLHWATAMANIPLIKMLITLNANALQCNKLGFNCITKSIFYNNCYKENAFDEIISILKICLITPDVNGRLPFHYLIELSVNKSKNPMIIKSYMDSIILSLGQQDYNLLKICLNYQDNIGNTPLHLSALNLNFEVYNRLVYLGASTDILNLDNESPASIMNKFNTPAGGSNSRNNNTKADRKLARNLPQKNYYQQQQQQQQPQNNVKIPKIIKTQHPDKEDSTADVNIAKTDSEVNESQYLHSNQPNSTNMNTIMEDLSNINSFVTSSVIKDIKSTPSKILENSPILYRRRSQSISDEKEKAKDNENQVEKKKDPLNSVKTAMPSLESPSSLLPIQMSPLGKYSKPLSQQINKLNTKVSSLQRIMGEEIKNLDNEVVETESSISNNKKRLITIAHQIEDAFDSVSNKTPINSISDLQSRIKETSSKLNSEKQNFIQSLEKSQALKLATIVQDEESKVDMNTNSSSHPEKQEDEEPIPKSTSETSSPKNTKADAKFSNTVQESYDVNETLRLATELTILQFKRRMTTLKISEAKSKINSSVKLDKYRNLIGITIENIDSKLDDIEKDLRANA
MBP1,MIMETKRNNKKAEENQFQSSKILGNPTAAPRKRGRPVGSTRGSRRKLGVNLQRSQSDMGFPRPAIPNSSISTTQLPSIRSTMGPQSPTLGILEEERHDSRQQQPQQNNSAQFKEIDLEDGLSSDVEPSQQLQQVFNQNTGFVPQQQSSLIQTQQTESMATSVSSSPSLPTSPGDFADSNPFEERFPGGGTSPIISMIPRYPVTSRPQTSDINDKVNKYLSKLVDYFISNEMKSNKSLPQVLLHPPPHSAPYIDAPIDPELHTAFHWACSMGNLPIAEALYEAGTSIRSTNSQGQTPLMRSSLFHNSYTRRTFPRIFQLLHETVFDIDSQSQTVIHHIVKRKSTTPSAVYYLDVVLSKIKDFSPQYRIELLLNTQDKNGDTALHIASKNGDVVFFNTLVKMGALTTISNKEGLTANEIMNQQYEQMMIQNGTNQHVNSSNTDLNIHVNTNNIETKNDVNSMVIMSPVSPSDYITYPSQIATNISRNIPNVVNSMKQMASIYNDLHEQHDNEIKSLQKTLKSISKTKIQVSLKTLEVLKESSKDENGEAQTNDDFEILSRLQEQNTKKLRKRLIRYKRLIKQKLEYRQTVLLNKLIEDETQATTNNTVEKDNNTLERLELAQELTMLQLQRKNKLSSLVKKFEDNAKIHKYRRIIREGTEMNIEEVDSSLDVILQTLIANNNKNKGAEQIITISNANSHA
XBP1,MKYPAFSINSDTVHLTDNPLDDYQRLYLVSVLDRDSPPASFSAGLNIRKVNYKSSIAAQFTHPNFIISARDAGNGEEAAAQNVLNCFEYQFPNLQTIQSLVHEQTLLSQLASSATPHSALHLHDKNILMGKIILPSRSNKTPVSASPTKQEKKALSTASRENATSSLTKNQQFKLAAANTSTNFTSTAVARPRQKPRPRPRQRSTSMSHSKAQKLVIEDALPSFDSFVENLGLSSNDKNFIKKNSKRQKSSTYTSQTSSPIGPRDPTVQILSNLASFYNTHGHRYSYPGNIYIPQQRYSLPPPNQLSSPQRQLNYTYDHIHPVPSQYQSPRHYNVPSSPIAPAPPTFPQPYGDDHYHFLKYASEVYKQQNQRPAHNTNTNMDTSFSPRANNSLNNFKFKTNSKQ
PHD1,MYHVPEMRLHYPLVNTQSNAAITPTRSYDNTLPSFNELSHQSTINLPFVQRETPNAYANVAQLATSPTQAKSGYYCRYYAVPFPTYPQQPQSPYQQAVLPYATIPNSNFQPSSFPVMAVMPPEVQFDGSFLNTLHPHTELPPIIQNTNDTSVARPNNLKSIAAASPTVTATTRTPGVSSTSVLKPIATEIKPKSIDALSNGASTQGAGELPHLKINHIDTEAQTSRAKNELS